id,RICname_group,RICname_part
1,Adana & Tarsus,Adana
2,Adana & Tarsus,Tarsus
3,Aden & Algeria (Regency of Algiers) & Asian Turkey & Egypt Arab Republic (Egypt) & Iran (Persia),Aden
4,Aden & Algeria (Regency of Algiers) & Asian Turkey & Egypt Arab Republic (Egypt) & Iran (Persia),Algeria (Regency of Algiers)
5,Aden & Algeria (Regency of Algiers) & Asian Turkey & Egypt Arab Republic (Egypt) & Iran (Persia),Asian Turkey
6,Aden & Algeria (Regency of Algiers) & Asian Turkey & Egypt Arab Republic (Egypt) & Iran (Persia),Egypt Arab Republic (Egypt)
7,Aden & Algeria (Regency of Algiers) & Asian Turkey & Egypt Arab Republic (Egypt) & Iran (Persia),Iran (Persia)
8,Aden & Algeria (Regency of Algiers) & Turkey (Ottoman Empire) & Egypt Arab Republic (Egypt) & Iran (Persia) & Morocco,Aden
9,Aden & Algeria (Regency of Algiers) & Turkey (Ottoman Empire) & Egypt Arab Republic (Egypt) & Iran (Persia) & Morocco,Algeria (Regency of Algiers)
10,Aden & Algeria (Regency of Algiers) & Turkey (Ottoman Empire) & Egypt Arab Republic (Egypt) & Iran (Persia) & Morocco,Turkey (Ottoman Empire)
11,Aden & Algeria (Regency of Algiers) & Turkey (Ottoman Empire) & Egypt Arab Republic (Egypt) & Iran (Persia) & Morocco,Egypt Arab Republic (Egypt)
12,Aden & Algeria (Regency of Algiers) & Turkey (Ottoman Empire) & Egypt Arab Republic (Egypt) & Iran (Persia) & Morocco,Iran (Persia)
13,Aden & Algeria (Regency of Algiers) & Turkey (Ottoman Empire) & Egypt Arab Republic (Egypt) & Iran (Persia) & Morocco,Morocco
14,Aden & Arabia,Aden
15,Aden & Arabia,Arabia
16,Aden & Asian Turkey & Egypt Arab Republic (Egypt),Aden
17,Aden & Asian Turkey & Egypt Arab Republic (Egypt),Asian Turkey
18,Aden & Asian Turkey & Egypt Arab Republic (Egypt),Egypt Arab Republic (Egypt)
19,Aden & Bahrain,Aden
20,Aden & Bahrain,Bahrain
21,Aden & Bahrain & Iran (Persia),Aden
22,Aden & Bahrain & Iran (Persia),Bahrain
23,Aden & Bahrain & Iran (Persia),Iran (Persia)
24,Aden & British Colonies (other),Aden
25,Aden & British Colonies (other),British Colonies (other)
26,Aden & British Eastern Africa,Aden
27,Aden & British Eastern Africa,British Eastern Africa
28,Aden & India,Aden
29,Aden & India,India
30,Aden & India & Sri Lanka (Ceylon),Aden
31,Aden & India & Sri Lanka (Ceylon),India
32,Aden & India & Sri Lanka (Ceylon),Sri Lanka (Ceylon)
33,Aden & Kenya (British East Africa Protectorate),Aden
34,Aden & Kenya (British East Africa Protectorate),Kenya (British East Africa Protectorate)
35,Aden & Mauritius,Aden
36,Aden & Mauritius,Mauritius
37,Aden & Perim I.,Aden
38,Aden & Perim I.,Perim I.
39,Aden & Straits Settlements,Aden
40,Aden & Straits Settlements,Straits Settlements
41,Aden & World (other),Aden
42,Aden & World (other),World (other)
43,Afghanistan & Asian Turkey & Iran (Persia),Afghanistan
44,Afghanistan & Asian Turkey & Iran (Persia),Asian Turkey
45,Afghanistan & Asian Turkey & Iran (Persia),Iran (Persia)
46,Afghanistan & Baluchistan (Kalat),Afghanistan
47,Afghanistan & Baluchistan (Kalat),Baluchistan (Kalat)
48,Afghanistan & Bhutan & Nepal,Afghanistan
49,Afghanistan & Bhutan & Nepal,Bhutan
50,Afghanistan & Bhutan & Nepal,Nepal
51,Afghanistan & Iran (Persia),Afghanistan
52,Afghanistan & Iran (Persia),Iran (Persia)
53,Afghanistan & Iran (Persia) & Iraq (Mesopotamia),Afghanistan
54,Afghanistan & Iran (Persia) & Iraq (Mesopotamia),Iran (Persia)
55,Afghanistan & Iran (Persia) & Iraq (Mesopotamia),Iraq (Mesopotamia)
56,Africa (other) & Arabia,Africa (other)
57,Africa (other) & Arabia,Arabia
58,Africa (other) & Asia (other),Africa (other)
59,Africa (other) & Asia (other),Asia (other)
60,Africa (other) & Asia (other) & Japan,Africa (other)
61,Africa (other) & Asia (other) & Japan,Asia (other)
62,Africa (other) & Asia (other) & Japan,Japan
63,Africa (other) & Western Africa,Africa (other)
64,Africa (other) & Western Africa,Western Africa
65,Africa & Australia & People's Republic of China (China),Africa
66,Africa & Australia & People's Republic of China (China),Australia
67,Africa & Australia & People's Republic of China (China),People's Republic of China (China)
68,Africa & Cape Colony (Cape of Good Hope),Africa
69,Africa & Cape Colony (Cape of Good Hope),Cape Colony (Cape of Good Hope)
70,Africa Coast & Barbary Coast,Africa Coast
71,Africa Coast & Barbary Coast,Barbary Coast
72,African Turkey & Asian Turkey & European Turkey,African Turkey
73,African Turkey & Asian Turkey & European Turkey,Asian Turkey
74,African Turkey & Asian Turkey & European Turkey,European Turkey
75,Alaska & St. Pierre and Miquelon,Alaska
76,Alaska & St. Pierre and Miquelon,St. Pierre and Miquelon
77,Alaska & United States of America,Alaska
78,Alaska & United States of America,United States of America
79,Albania & Andorra,Albania
80,Albania & Andorra,Andorra
81,"Albania & Fiume & Yugoslavia (Kingdom of Serbs, Croats and Slovenes)",Albania
82,"Albania & Fiume & Yugoslavia (Kingdom of Serbs, Croats and Slovenes)",Fiume
83,"Albania & Fiume & Yugoslavia (Kingdom of Serbs, Croats and Slovenes)","Yugoslavia (Kingdom of Serbs, Croats and Slovenes)"
84,Albania & Kingdom of Serbia & Montenegro,Albania
85,Albania & Kingdom of Serbia & Montenegro,Kingdom of Serbia
86,Albania & Kingdom of Serbia & Montenegro,Montenegro
87,"Albania & Yugoslavia (Kingdom of Serbs, Croats and Slovenes)",Albania
88,"Albania & Yugoslavia (Kingdom of Serbs, Croats and Slovenes)","Yugoslavia (Kingdom of Serbs, Croats and Slovenes)"
89,Aleppo & Alexandretta,Aleppo
90,Aleppo & Alexandretta,Alexandretta
91,Aleppo & Latakia (Alaouites),Aleppo
92,Aleppo & Latakia (Alaouites),Latakia (Alaouites)
93,Alexandria & Damietta & Jeddah & Rosetta,Alexandria
94,Alexandria & Damietta & Jeddah & Rosetta,Damietta
95,Alexandria & Damietta & Jeddah & Rosetta,Jeddah
96,Alexandria & Damietta & Jeddah & Rosetta,Rosetta
97,Alexandria & Suez Canal Zone,Alexandria
98,Alexandria & Suez Canal Zone,Suez Canal Zone
99,Algeria (Regency of Algiers) & Egypt Arab Republic (Egypt),Algeria (Regency of Algiers)
100,Algeria (Regency of Algiers) & Egypt Arab Republic (Egypt),Egypt Arab Republic (Egypt)
101,Algeria (Regency of Algiers) & Egypt Arab Republic (Egypt) & Tripolitania (Regency of Tripoli) & Tunisia (Regency of Tunis),Algeria (Regency of Algiers)
102,Algeria (Regency of Algiers) & Egypt Arab Republic (Egypt) & Tripolitania (Regency of Tripoli) & Tunisia (Regency of Tunis),Egypt Arab Republic (Egypt)
103,Algeria (Regency of Algiers) & Egypt Arab Republic (Egypt) & Tripolitania (Regency of Tripoli) & Tunisia (Regency of Tunis),Tripolitania (Regency of Tripoli)
104,Algeria (Regency of Algiers) & Egypt Arab Republic (Egypt) & Tripolitania (Regency of Tripoli) & Tunisia (Regency of Tunis),Tunisia (Regency of Tunis)
105,Algeria (Regency of Algiers) & France,Algeria (Regency of Algiers)
106,Algeria (Regency of Algiers) & France,France
107,Algeria (Regency of Algiers) & France & French Colonies (other),Algeria (Regency of Algiers)
108,Algeria (Regency of Algiers) & France & French Colonies (other),France
109,Algeria (Regency of Algiers) & France & French Colonies (other),French Colonies (other)
110,Algeria (Regency of Algiers) & France & Morocco & Tunisia (Regency of Tunis),Algeria (Regency of Algiers)
111,Algeria (Regency of Algiers) & France & Morocco & Tunisia (Regency of Tunis),France
112,Algeria (Regency of Algiers) & France & Morocco & Tunisia (Regency of Tunis),Morocco
113,Algeria (Regency of Algiers) & France & Morocco & Tunisia (Regency of Tunis),Tunisia (Regency of Tunis)
114,Algeria (Regency of Algiers) & France & Tunisia (Regency of Tunis),Algeria (Regency of Algiers)
115,Algeria (Regency of Algiers) & France & Tunisia (Regency of Tunis),France
116,Algeria (Regency of Algiers) & France & Tunisia (Regency of Tunis),Tunisia (Regency of Tunis)
117,Algeria (Regency of Algiers) & Morocco,Algeria (Regency of Algiers)
118,Algeria (Regency of Algiers) & Morocco,Morocco
119,Algeria (Regency of Algiers) & Morocco & Tunisia (Regency of Tunis),Algeria (Regency of Algiers)
120,Algeria (Regency of Algiers) & Morocco & Tunisia (Regency of Tunis),Morocco
121,Algeria (Regency of Algiers) & Morocco & Tunisia (Regency of Tunis),Tunisia (Regency of Tunis)
122,Algeria (Regency of Algiers) & Morocco & Tunisia (Regency of Tunis) & Zanzibar,Algeria (Regency of Algiers)
123,Algeria (Regency of Algiers) & Morocco & Tunisia (Regency of Tunis) & Zanzibar,Morocco
124,Algeria (Regency of Algiers) & Morocco & Tunisia (Regency of Tunis) & Zanzibar,Tunisia (Regency of Tunis)
125,Algeria (Regency of Algiers) & Morocco & Tunisia (Regency of Tunis) & Zanzibar,Zanzibar
126,Algeria (Regency of Algiers) & Tunisia (Regency of Tunis),Algeria (Regency of Algiers)
127,Algeria (Regency of Algiers) & Tunisia (Regency of Tunis),Tunisia (Regency of Tunis)
128,Algiers & Annaba (Bône),Algiers
129,Algiers & Annaba (Bône),Annaba (Bône)
130,Altona & Hamburg,Altona
131,Altona & Hamburg,Hamburg
132,Altona & Holstein,Altona
133,Altona & Holstein,Holstein
134,Altona & Holstein & Schleswig,Altona
135,Altona & Holstein & Schleswig,Holstein
136,Altona & Holstein & Schleswig,Schleswig
137,Altona & Wandsbeck,Altona
138,Altona & Wandsbeck,Wandsbeck
139,America & Pacific Islands & West Indies (other),America
140,America & Pacific Islands & West Indies (other),Pacific Islands
141,America & Pacific Islands & West Indies (other),West Indies (other)
142,American America & British America & Dutch America & French America,American America
143,American America & British America & Dutch America & French America,British America
144,American America & British America & Dutch America & French America,Dutch America
145,American America & British America & Dutch America & French America,French America
146,American America & British America & French America,American America
147,American America & British America & French America,British America
148,American America & British America & French America,French America
149,American Asia & American Oceania,American Asia
150,American Asia & American Oceania,American Oceania
151,American Colonies & French West Indies,American Colonies
152,American Colonies & French West Indies,French West Indies
153,American Colonies & Netherlands Antilles,American Colonies
154,American Colonies & Netherlands Antilles,Netherlands Antilles
155,American Colonies & United States of America,American Colonies
156,American Colonies & United States of America,United States of America
157,Amirante Is. & Mauritius & Seychelles,Amirante Is.
158,Amirante Is. & Mauritius & Seychelles,Mauritius
159,Amirante Is. & Mauritius & Seychelles,Seychelles
160,Anambas Is. & Natuna,Anambas Is.
161,Anambas Is. & Natuna,Natuna
162,Angola & Cabinda (Portuguese Congo),Angola
163,Angola & Cabinda (Portuguese Congo),Cabinda (Portuguese Congo)
164,Anguilla & St. Kitts-Nevis,Anguilla
165,Anguilla & St. Kitts-Nevis,St. Kitts-Nevis
166,Anjouan & Grand Comoro & Mayotte & Moheli,Anjouan
167,Anjouan & Grand Comoro & Mayotte & Moheli,Grand Comoro
168,Anjouan & Grand Comoro & Mayotte & Moheli,Mayotte
169,Anjouan & Grand Comoro & Mayotte & Moheli,Moheli
170,Annam & Cambodia (Kampuchea) & Cochin China & French China & Tonkin,Annam
171,Annam & Cambodia (Kampuchea) & Cochin China & French China & Tonkin,Cambodia (Kampuchea)
172,Annam & Cambodia (Kampuchea) & Cochin China & French China & Tonkin,Cochin China
173,Annam & Cambodia (Kampuchea) & Cochin China & French China & Tonkin,French China
174,Annam & Cambodia (Kampuchea) & Cochin China & French China & Tonkin,Tonkin
175,Annam & Cambodia (Kampuchea) & Cochin China & Kwanchowan & Tonkin,Annam
176,Annam & Cambodia (Kampuchea) & Cochin China & Kwanchowan & Tonkin,Cambodia (Kampuchea)
177,Annam & Cambodia (Kampuchea) & Cochin China & Kwanchowan & Tonkin,Cochin China
178,Annam & Cambodia (Kampuchea) & Cochin China & Kwanchowan & Tonkin,Kwanchowan
179,Annam & Cambodia (Kampuchea) & Cochin China & Kwanchowan & Tonkin,Tonkin
180,Annam & Cambodia (Kampuchea) & Cochin China & Tonkin,Annam
181,Annam & Cambodia (Kampuchea) & Cochin China & Tonkin,Cambodia (Kampuchea)
182,Annam & Cambodia (Kampuchea) & Cochin China & Tonkin,Cochin China
183,Annam & Cambodia (Kampuchea) & Cochin China & Tonkin,Tonkin
184,Annam & Cambodia (Kampuchea) & Laos & Tonkin,Annam
185,Annam & Cambodia (Kampuchea) & Laos & Tonkin,Cambodia (Kampuchea)
186,Annam & Cambodia (Kampuchea) & Laos & Tonkin,Laos
187,Annam & Cambodia (Kampuchea) & Laos & Tonkin,Tonkin
188,Annam & Cochin China & Tonkin,Annam
189,Annam & Cochin China & Tonkin,Cochin China
190,Annam & Cochin China & Tonkin,Tonkin
191,Antarctic & Arctic,Antarctic
192,Antarctic & Arctic,Arctic
193,Arabia & Asian Turkey & Iran (Persia),Arabia
194,Arabia & Asian Turkey & Iran (Persia),Asian Turkey
195,Arabia & Asian Turkey & Iran (Persia),Iran (Persia)
196,Arabia & Asian Turkey & Iran (Persia) & Russian Turkestan,Arabia
197,Arabia & Asian Turkey & Iran (Persia) & Russian Turkestan,Asian Turkey
198,Arabia & Asian Turkey & Iran (Persia) & Russian Turkestan,Iran (Persia)
199,Arabia & Asian Turkey & Iran (Persia) & Russian Turkestan,Russian Turkestan
200,Arabia & British Asia (other) & Hong Kong & Iraq (Mesopotamia) & Portuguese Africa,Arabia
201,Arabia & British Asia (other) & Hong Kong & Iraq (Mesopotamia) & Portuguese Africa,British Asia (other)
202,Arabia & British Asia (other) & Hong Kong & Iraq (Mesopotamia) & Portuguese Africa,Hong Kong
203,Arabia & British Asia (other) & Hong Kong & Iraq (Mesopotamia) & Portuguese Africa,Iraq (Mesopotamia)
204,Arabia & British Asia (other) & Hong Kong & Iraq (Mesopotamia) & Portuguese Africa,Portuguese Africa
205,Arabia & Hejaz Sultanate & Iraq (Mesopotamia),Arabia
206,Arabia & Hejaz Sultanate & Iraq (Mesopotamia),Hejaz Sultanate
207,Arabia & Hejaz Sultanate & Iraq (Mesopotamia),Iraq (Mesopotamia)
208,Arabia & Persian Gulf,Arabia
209,Arabia & Persian Gulf,Persian Gulf
210,Arabia & Persian Gulf & Red Sea,Arabia
211,Arabia & Persian Gulf & Red Sea,Persian Gulf
212,Arabia & Persian Gulf & Red Sea,Red Sea
213,Arakan & Bago (Pegu) & Mawlamyine & Rangoon,Arakan
214,Arakan & Bago (Pegu) & Mawlamyine & Rangoon,Bago (Pegu)
215,Arakan & Bago (Pegu) & Mawlamyine & Rangoon,Mawlamyine
216,Arakan & Bago (Pegu) & Mawlamyine & Rangoon,Rangoon
217,Arakan & Chittagong & Tanintharyi Region,Arakan
218,Arakan & Chittagong & Tanintharyi Region,Chittagong
219,Arakan & Chittagong & Tanintharyi Region,Tanintharyi Region
220,Arakan & Tanintharyi Region,Arakan
221,Arakan & Tanintharyi Region,Tanintharyi Region
222,Archipelago & Izmir (Smyrna),Archipelago
223,Archipelago & Izmir (Smyrna),Izmir (Smyrna)
224,Archipelago & Romania & Turkey (Ottoman Empire),Archipelago
225,Archipelago & Romania & Turkey (Ottoman Empire),Romania
226,Archipelago & Romania & Turkey (Ottoman Empire),Turkey (Ottoman Empire)
227,Archipelago & Turkey (Ottoman Empire),Archipelago
228,Archipelago & Turkey (Ottoman Empire),Turkey (Ottoman Empire)
229,Arctic & Faeroe Is. & Iceland,Arctic
230,Arctic & Faeroe Is. & Iceland,Faeroe Is.
231,Arctic & Faeroe Is. & Iceland,Iceland
232,Arctic & Greenland & North Sea,Arctic
233,Arctic & Greenland & North Sea,Greenland
234,Arctic & Greenland & North Sea,North Sea
235,Arctic & North Sea,Arctic
236,Arctic & North Sea,North Sea
237,Argentina (La Plata) & Brazil,Argentina (La Plata)
238,Argentina (La Plata) & Brazil,Brazil
239,Argentina (La Plata) & Brazil & Southern America (other),Argentina (La Plata)
240,Argentina (La Plata) & Brazil & Southern America (other),Brazil
241,Argentina (La Plata) & Brazil & Southern America (other),Southern America (other)
242,Argentina (La Plata) & Chile,Argentina (La Plata)
243,Argentina (La Plata) & Chile,Chile
244,Argentina (La Plata) & Paraguay & Uruguay,Argentina (La Plata)
245,Argentina (La Plata) & Paraguay & Uruguay,Paraguay
246,Argentina (La Plata) & Paraguay & Uruguay,Uruguay
247,Argentina (La Plata) & Patagonia (Atlantic Coast),Argentina (La Plata)
248,Argentina (La Plata) & Patagonia (Atlantic Coast),Patagonia (Atlantic Coast)
249,Argentina (La Plata) & Southern America (other),Argentina (La Plata)
250,Argentina (La Plata) & Southern America (other),Southern America (other)
251,Argentina (La Plata) & Uruguay,Argentina (La Plata)
252,Argentina (La Plata) & Uruguay,Uruguay
253,Arica & Tacna,Arica
254,Arica & Tacna,Tacna
255,Armenia & Kurdistan,Armenia
256,Armenia & Kurdistan,Kurdistan
257,Aruba & Bonaire,Aruba
258,Aruba & Bonaire,Bonaire
259,Ascension I. & St. Helena,Ascension I.
260,Ascension I. & St. Helena,St. Helena
261,Asia (other) & Australia & East Indies,Asia (other)
262,Asia (other) & Australia & East Indies,Australia
263,Asia (other) & Australia & East Indies,East Indies
264,Asia (other) & British East Indies & People's Republic of China (China) & Indonesia (Dutch East Indies),Asia (other)
265,Asia (other) & British East Indies & People's Republic of China (China) & Indonesia (Dutch East Indies),British East Indies
266,Asia (other) & British East Indies & People's Republic of China (China) & Indonesia (Dutch East Indies),People's Republic of China (China)
267,Asia (other) & British East Indies & People's Republic of China (China) & Indonesia (Dutch East Indies),Indonesia (Dutch East Indies)
268,Asia (other) & British East Indies & People's Republic of China (China) & Thailand (Siam),Asia (other)
269,Asia (other) & British East Indies & People's Republic of China (China) & Thailand (Siam),British East Indies
270,Asia (other) & British East Indies & People's Republic of China (China) & Thailand (Siam),People's Republic of China (China)
271,Asia (other) & British East Indies & People's Republic of China (China) & Thailand (Siam),Thailand (Siam)
272,Asia (other) & East Indies,Asia (other)
273,Asia (other) & East Indies,East Indies
274,Asia (other) & East Indies & People's Republic of China (China),Asia (other)
275,Asia (other) & East Indies & People's Republic of China (China),East Indies
276,Asia (other) & East Indies & People's Republic of China (China),People's Republic of China (China)
277,Asian Russia & Japan,Asian Russia
278,Asian Russia & Japan,Japan
279,Asian Turkey & Cyprus,Asian Turkey
280,Asian Turkey & Cyprus,Cyprus
281,Asian Turkey & European Turkey,Asian Turkey
282,Asian Turkey & European Turkey,European Turkey
283,Assab & Bailul & Massawah,Assab
284,Assab & Bailul & Massawah,Bailul
285,Assab & Bailul & Massawah,Massawah
286,Assam & Bengal,Assam
287,Assam & Bengal,Bengal
288,Assam & Bengal & Bihar & Odisha,Assam
289,Assam & Bengal & Bihar & Odisha,Bengal
290,Assam & Bengal & Bihar & Odisha,Bihar
291,Assam & Bengal & Bihar & Odisha,Odisha
292,Assinie & Congo (Brazzaville) (French Congo) (Middle Congo) & Grand-Bassam,Assinie
293,Assinie & Congo (Brazzaville) (French Congo) (Middle Congo) & Grand-Bassam,Congo (Brazzaville) (French Congo) (Middle Congo)
294,Assinie & Congo (Brazzaville) (French Congo) (Middle Congo) & Grand-Bassam,Grand-Bassam
295,Assinie & Grand-Bassam,Assinie
296,Assinie & Grand-Bassam,Grand-Bassam
297,Assinie & Grand-Bassam & Senegal,Assinie
298,Assinie & Grand-Bassam & Senegal,Grand-Bassam
299,Assinie & Grand-Bassam & Senegal,Senegal
300,Auckland Is. & Fiji,Auckland Is.
301,Auckland Is. & Fiji,Fiji
302,Australia (other) & Christmas I.,Australia (other)
303,Australia (other) & Christmas I.,Christmas I.
304,Australia & British Oceania & Tasmania,Australia
305,Australia & British Oceania & Tasmania,British Oceania
306,Australia & British Oceania & Tasmania,Tasmania
307,Australia & Canada (Province of Canada),Australia
308,Australia & Canada (Province of Canada),Canada (Province of Canada)
309,Australia & Cape Colony (Cape of Good Hope) & Mauritius,Australia
310,Australia & Cape Colony (Cape of Good Hope) & Mauritius,Cape Colony (Cape of Good Hope)
311,Australia & Cape Colony (Cape of Good Hope) & Mauritius,Mauritius
312,Australia & East Indies,Australia
313,Australia & East Indies,East Indies
314,Australia & Hawaii (Sandwich Is.),Australia
315,Australia & Hawaii (Sandwich Is.),Hawaii (Sandwich Is.)
316,Australia & Hawaii (Sandwich Is.) & New Guinea (German New Guinea) (Kaiser Wilhelmsland) & Samoa,Australia
317,Australia & Hawaii (Sandwich Is.) & New Guinea (German New Guinea) (Kaiser Wilhelmsland) & Samoa,Hawaii (Sandwich Is.)
318,Australia & Hawaii (Sandwich Is.) & New Guinea (German New Guinea) (Kaiser Wilhelmsland) & Samoa,New Guinea (German New Guinea) (Kaiser Wilhelmsland)
319,Australia & Hawaii (Sandwich Is.) & New Guinea (German New Guinea) (Kaiser Wilhelmsland) & Samoa,Samoa
320,Australia & Hong Kong & India & Myanmar (Burma) & Singapore,Australia
321,Australia & Hong Kong & India & Myanmar (Burma) & Singapore,Hong Kong
322,Australia & Hong Kong & India & Myanmar (Burma) & Singapore,India
323,Australia & Hong Kong & India & Myanmar (Burma) & Singapore,Myanmar (Burma)
324,Australia & Hong Kong & India & Myanmar (Burma) & Singapore,Singapore
325,Australia & New Caledonia & New Zealand,Australia
326,Australia & New Caledonia & New Zealand,New Caledonia
327,Australia & New Caledonia & New Zealand,New Zealand
328,Australia & New Zealand,Australia
329,Australia & New Zealand,New Zealand
330,Australia & New Zealand & Pacific Islands,Australia
331,Australia & New Zealand & Pacific Islands,New Zealand
332,Australia & New Zealand & Pacific Islands,Pacific Islands
333,Australia & New Zealand & Tasmania,Australia
334,Australia & New Zealand & Tasmania,New Zealand
335,Australia & New Zealand & Tasmania,Tasmania
336,Australia & Oceania,Australia
337,Australia & Oceania,Oceania
338,Australia & Oceania (other),Australia
339,Australia & Oceania (other),Oceania (other)
340,Australia & Pacific Islands,Australia
341,Australia & Pacific Islands,Pacific Islands
342,Australia & Polynesia,Australia
343,Australia & Polynesia,Polynesia
344,Australia & Tasmania,Australia
345,Australia & Tasmania,Tasmania
346,Australia & Western Australia,Australia
347,Australia & Western Australia,Western Australia
348,Australian Northern Territory & South Australia,Australian Northern Territory
349,Australian Northern Territory & South Australia,South Australia
350,Austria & Czechoslovakia & Hungary,Austria
351,Austria & Czechoslovakia & Hungary,Czechoslovakia
352,Austria & Czechoslovakia & Hungary,Hungary
353,Austria & Germany (Zollverein),Austria
354,Austria & Germany (Zollverein),Germany (Zollverein)
355,Austria-Hungary (Austrian Empire) & Bosnia-Herzegovina,Austria-Hungary (Austrian Empire)
356,Austria-Hungary (Austrian Empire) & Bosnia-Herzegovina,Bosnia-Herzegovina
357,Austria-Hungary (Austrian Empire) & Cracow (Free City of Cracow),Austria-Hungary (Austrian Empire)
358,Austria-Hungary (Austrian Empire) & Cracow (Free City of Cracow),Cracow (Free City of Cracow)
359,Austria-Hungary (Austrian Empire) & Germany (Zollverein),Austria-Hungary (Austrian Empire)
360,Austria-Hungary (Austrian Empire) & Germany (Zollverein),Germany (Zollverein)
361,Austria-Hungary (Austrian Empire) & Italy,Austria-Hungary (Austrian Empire)
362,Austria-Hungary (Austrian Empire) & Italy,Italy
363,Austria-Hungary (Austrian Empire) & Lombardy-Venetia,Austria-Hungary (Austrian Empire)
364,Austria-Hungary (Austrian Empire) & Lombardy-Venetia,Lombardy-Venetia
365,Austria-Hungary (Austrian Empire) & Saxony,Austria-Hungary (Austrian Empire)
366,Austria-Hungary (Austrian Empire) & Saxony,Saxony
367,Austria-Hungary (Austrian Empire) & Trieste,Austria-Hungary (Austrian Empire)
368,Austria-Hungary (Austrian Empire) & Trieste,Trieste
369,Azores (Western Isles) & Canary Is.,Azores (Western Isles)
370,Azores (Western Isles) & Canary Is.,Canary Is.
371,Azores (Western Isles) & Canary Is. & Cape Verde,Azores (Western Isles)
372,Azores (Western Isles) & Canary Is. & Cape Verde,Canary Is.
373,Azores (Western Isles) & Canary Is. & Cape Verde,Cape Verde
374,Azores (Western Isles) & Cape Verde & Madeira Isles,Azores (Western Isles)
375,Azores (Western Isles) & Cape Verde & Madeira Isles,Cape Verde
376,Azores (Western Isles) & Cape Verde & Madeira Isles,Madeira Isles
377,Azores (Western Isles) & Madeira Isles,Azores (Western Isles)
378,Azores (Western Isles) & Madeira Isles,Madeira Isles
379,Azores (Western Isles) & Madeira Isles & Portugal,Azores (Western Isles)
380,Azores (Western Isles) & Madeira Isles & Portugal,Madeira Isles
381,Azores (Western Isles) & Madeira Isles & Portugal,Portugal
382,Azores (Western Isles) & Madeira Isles & Tenerife,Azores (Western Isles)
383,Azores (Western Isles) & Madeira Isles & Tenerife,Madeira Isles
384,Azores (Western Isles) & Madeira Isles & Tenerife,Tenerife
385,Azores (Western Isles) & Western Africa,Azores (Western Isles)
386,Azores (Western Isles) & Western Africa,Western Africa
387,Bago (Pegu) & Bengal,Bago (Pegu)
388,Bago (Pegu) & Bengal,Bengal
389,Bago (Pegu) & Rangoon,Bago (Pegu)
390,Bago (Pegu) & Rangoon,Rangoon
391,Bahamas & British West Indies,Bahamas
392,Bahamas & British West Indies,British West Indies
393,Bahamas & Turks and Caicos Is.,Bahamas
394,Bahamas & Turks and Caicos Is.,Turks and Caicos Is.
395,Balearic Islands & Spain,Balearic Islands
396,Balearic Islands & Spain,Spain
397,Bali & Java & Riau,Bali
398,Bali & Java & Riau,Java
399,Bali & Java & Riau,Riau
400,Bali & Lombok,Bali
401,Bali & Lombok,Lombok
402,Bali & Lombok & Sumbawa,Bali
403,Bali & Lombok & Sumbawa,Lombok
404,Bali & Lombok & Sumbawa,Sumbawa
405,Baltic Ports & Belgium & Germany (Zollverein),Baltic Ports
406,Baltic Ports & Belgium & Germany (Zollverein),Belgium
407,Baltic Ports & Belgium & Germany (Zollverein),Germany (Zollverein)
408,Baltiysk (Pillau) & Braniewo (Braunsberg) & Kaliningrad (Königsberg) & Primorsk (Fischhausen),Baltiysk (Pillau)
409,Baltiysk (Pillau) & Braniewo (Braunsberg) & Kaliningrad (Königsberg) & Primorsk (Fischhausen),Braniewo (Braunsberg)
410,Baltiysk (Pillau) & Braniewo (Braunsberg) & Kaliningrad (Königsberg) & Primorsk (Fischhausen),Kaliningrad (Königsberg)
411,Baltiysk (Pillau) & Braniewo (Braunsberg) & Kaliningrad (Königsberg) & Primorsk (Fischhausen),Primorsk (Fischhausen)
412,Bangka & Belitung (Billiton),Bangka
413,Bangka & Belitung (Billiton),Belitung (Billiton)
414,Barbados & Trinidad and Tobago,Barbados
415,Barbados & Trinidad and Tobago,Trinidad and Tobago
416,Barbary Coast & Egypt Arab Republic (Egypt),Barbary Coast
417,Barbary Coast & Egypt Arab Republic (Egypt),Egypt Arab Republic (Egypt)
418,Barbary Coast & Egypt Arab Republic (Egypt) & Turkey (Ottoman Empire),Barbary Coast
419,Barbary Coast & Egypt Arab Republic (Egypt) & Turkey (Ottoman Empire),Egypt Arab Republic (Egypt)
420,Barbary Coast & Egypt Arab Republic (Egypt) & Turkey (Ottoman Empire),Turkey (Ottoman Empire)
421,Barbary Coast & Turkey (Ottoman Empire),Barbary Coast
422,Barbary Coast & Turkey (Ottoman Empire),Turkey (Ottoman Empire)
423,Bavaria & Frankfurt & Saxony,Bavaria
424,Bavaria & Frankfurt & Saxony,Frankfurt
425,Bavaria & Frankfurt & Saxony,Saxony
426,Bavaria & Saxony,Bavaria
427,Bavaria & Saxony,Saxony
428,Belgium & Democratic Republic of the Congo (Zaire) (Kinshasa) (Belgian Congo) (Congo Free State),Belgium
429,Belgium & Democratic Republic of the Congo (Zaire) (Kinshasa) (Belgian Congo) (Congo Free State),Democratic Republic of the Congo (Zaire) (Kinshasa) (Belgian Congo) (Congo Free State)
430,Belgium & Germany (Zollverein) & Iran (Persia) & Morocco & Sweden & World (other),Belgium
431,Belgium & Germany (Zollverein) & Iran (Persia) & Morocco & Sweden & World (other),Germany (Zollverein)
432,Belgium & Germany (Zollverein) & Iran (Persia) & Morocco & Sweden & World (other),Iran (Persia)
433,Belgium & Germany (Zollverein) & Iran (Persia) & Morocco & Sweden & World (other),Morocco
434,Belgium & Germany (Zollverein) & Iran (Persia) & Morocco & Sweden & World (other),Sweden
435,Belgium & Germany (Zollverein) & Iran (Persia) & Morocco & Sweden & World (other),World (other)
436,Belgium & Germany (Zollverein) & Italy & Netherlands & Russia (USSR),Belgium
437,Belgium & Germany (Zollverein) & Italy & Netherlands & Russia (USSR),Germany (Zollverein)
438,Belgium & Germany (Zollverein) & Italy & Netherlands & Russia (USSR),Italy
439,Belgium & Germany (Zollverein) & Italy & Netherlands & Russia (USSR),Netherlands
440,Belgium & Germany (Zollverein) & Italy & Netherlands & Russia (USSR),Russia (USSR)
441,Belgium & Germany (Zollverein) & Morocco & Spain & World (other),Belgium
442,Belgium & Germany (Zollverein) & Morocco & Spain & World (other),Germany (Zollverein)
443,Belgium & Germany (Zollverein) & Morocco & Spain & World (other),Morocco
444,Belgium & Germany (Zollverein) & Morocco & Spain & World (other),Spain
445,Belgium & Germany (Zollverein) & Morocco & Spain & World (other),World (other)
446,Belgium & Germany (Zollverein) & Netherlands,Belgium
447,Belgium & Germany (Zollverein) & Netherlands,Germany (Zollverein)
448,Belgium & Germany (Zollverein) & Netherlands,Netherlands
449,Belgium & Luxemburg,Belgium
450,Belgium & Luxemburg,Luxemburg
451,Belgium & Netherlands,Belgium
452,Belgium & Netherlands,Netherlands
453,Belize (British Honduras) & British West Indies,Belize (British Honduras)
454,Belize (British Honduras) & British West Indies,British West Indies
455,Campeche & Honduras,Campeche
456,Campeche & Honduras,Honduras
457,Campeche & Honduras & Mosquito Coast,Campeche
458,Campeche & Honduras & Mosquito Coast,Honduras
459,Campeche & Honduras & Mosquito Coast,Mosquito Coast
460,Belize (British Honduras) & Costa Rica & El Salvador,Belize (British Honduras)
461,Belize (British Honduras) & Costa Rica & El Salvador,Costa Rica
462,Belize (British Honduras) & Costa Rica & El Salvador,El Salvador
463,Bengal & Chennai (Madras) & Mumbai (Bombay) & Myanmar (Burma),Bengal
464,Bengal & Chennai (Madras) & Mumbai (Bombay) & Myanmar (Burma),Chennai (Madras)
465,Bengal & Chennai (Madras) & Mumbai (Bombay) & Myanmar (Burma),Mumbai (Bombay)
466,Bengal & Chennai (Madras) & Mumbai (Bombay) & Myanmar (Burma),Myanmar (Burma)
467,Bengal & India & Persian Gulf,Bengal
468,Bengal & India & Persian Gulf,India
469,Bengal & India & Persian Gulf,Persian Gulf
470,Bengal & Myanmar (Burma),Bengal
471,Bengal & Myanmar (Burma),Myanmar (Burma)
472,Bengal & Sri Lanka (Ceylon),Bengal
473,Bengal & Sri Lanka (Ceylon),Sri Lanka (Ceylon)
474,Benghazi & Tripolitania (Regency of Tripoli),Benghazi
475,Benghazi & Tripolitania (Regency of Tripoli),Tripolitania (Regency of Tripoli)
476,Benin (Dahomey) & German Togoland & Ivory Coast,Benin (Dahomey)
477,Benin (Dahomey) & German Togoland & Ivory Coast,German Togoland
478,Benin (Dahomey) & German Togoland & Ivory Coast,Ivory Coast
479,Berbera & Bulhar,Berbera
480,Berbera & Bulhar,Bulhar
481,Berbera & Bulhar & Zeila,Berbera
482,Berbera & Bulhar & Zeila,Bulhar
483,Berbera & Bulhar & Zeila,Zeila
484,Berbera & Zeila,Berbera
485,Berbera & Zeila,Zeila
486,Berbice & Demerara,Berbice
487,Berbice & Demerara,Demerara
488,Bermuda & British West Indies,Bermuda
489,Bermuda & British West Indies,British West Indies
490,Berwick & Isle of Man & United Kingdom,Berwick
491,Berwick & Isle of Man & United Kingdom,Isle of Man
492,Berwick & Isle of Man & United Kingdom,United Kingdom
493,Bhutan & Nepal,Bhutan
494,Bhutan & Nepal,Nepal
495,Black Sea (Asia) & Mediterranean Sea (Africa) & Mediterranean Sea (Asia),Black Sea (Asia)
496,Black Sea (Asia) & Mediterranean Sea (Africa) & Mediterranean Sea (Asia),Mediterranean Sea (Africa)
497,Black Sea (Asia) & Mediterranean Sea (Africa) & Mediterranean Sea (Asia),Mediterranean Sea (Asia)
498,Black Sea (Europe) & Mediterranean Sea (Europe),Black Sea (Europe)
499,Black Sea (Europe) & Mediterranean Sea (Europe),Mediterranean Sea (Europe)
500,Black Sea & Levant,Black Sea
501,Black Sea & Levant,Levant
502,Black Sea & Mediterranean Sea,Black Sea
503,Black Sea & Mediterranean Sea,Mediterranean Sea
504,Black Sea & Russia (USSR),Black Sea
505,Black Sea & Russia (USSR),Russia (USSR)
506,Borneo & Malaysia (British Malaya),Borneo
507,Borneo & Malaysia (British Malaya),Malaysia (British Malaya)
508,Botswana (Bechuanaland) & Eswatini (Swaziland) & Lesotho (Basutoland),Botswana (Bechuanaland)
509,Botswana (Bechuanaland) & Eswatini (Swaziland) & Lesotho (Basutoland),Eswatini (Swaziland)
510,Botswana (Bechuanaland) & Eswatini (Swaziland) & Lesotho (Basutoland),Lesotho (Basutoland)
511,Botswana (Bechuanaland) & South Africa,Botswana (Bechuanaland)
512,Botswana (Bechuanaland) & South Africa,South Africa
513,Brazil & Chile,Brazil
514,Brazil & Chile,Chile
515,Brazil & Colombia (New Granada) (Gran Colombia),Brazil
516,Brazil & Colombia (New Granada) (Gran Colombia),Colombia (New Granada) (Gran Colombia)
517,Brazil & Northern America & West Indies,Brazil
518,Brazil & Northern America & West Indies,Northern America
519,Brazil & Northern America & West Indies,West Indies
520,Brazil & Portuguese America (other),Brazil
521,Brazil & Portuguese America (other),Portuguese America (other)
522,Bremen & Hamburg,Bremen
523,Bremen & Hamburg,Hamburg
524,Bremen & Hamburg & Mecklenburg Schwerin,Bremen
525,Bremen & Hamburg & Mecklenburg Schwerin,Hamburg
526,Bremen & Hamburg & Mecklenburg Schwerin,Mecklenburg Schwerin
527,Bremen & Hamburg & Prussia,Bremen
528,Bremen & Hamburg & Prussia,Hamburg
529,Bremen & Hamburg & Prussia,Prussia
530,Bremen & Hanover,Bremen
531,Bremen & Hanover,Hanover
532,Bremen & Lübeck,Bremen
533,Bremen & Lübeck,Lübeck
534,Bremen & Prussia,Bremen
535,Bremen & Prussia,Prussia
536,Bremerhaven & Geestemünde,Bremerhaven
537,Bremerhaven & Geestemünde,Geestemünde
538,British Africa (other) & Portuguese Africa & Zimbabwe (Rhodesia) (Southern Rhodesia),British Africa (other)
539,British Africa (other) & Portuguese Africa & Zimbabwe (Rhodesia) (Southern Rhodesia),Portuguese Africa
540,British Africa (other) & Portuguese Africa & Zimbabwe (Rhodesia) (Southern Rhodesia),Zimbabwe (Rhodesia) (Southern Rhodesia)
541,British America (other) & Canada (Province of Canada),British America (other)
542,British America (other) & Canada (Province of Canada),Canada (Province of Canada)
543,British America & Newfoundland and Labrador (Newfoundland),British America
544,British America & Newfoundland and Labrador (Newfoundland),Newfoundland and Labrador (Newfoundland)
545,British America & United States of America,British America
546,British America & United States of America,United States of America
547,British Asia (other) & India,British Asia (other)
548,British Asia (other) & India,India
549,British Asia & British Oceania,British Asia
550,British Asia & British Oceania,British Oceania
551,British Borneo & Dutch Borneo,British Borneo
552,British Borneo & Dutch Borneo,Dutch Borneo
553,British Borneo & Malaysia (British Malaya),British Borneo
554,British Borneo & Malaysia (British Malaya),Malaysia (British Malaya)
555,British Borneo & Straits Settlements,British Borneo
556,British Borneo & Straits Settlements,Straits Settlements
557,British Cameroons & Cameroun (French Cameroon),British Cameroons
558,British Cameroons & Cameroun (French Cameroon),Cameroun (French Cameroon)
559,British Cameroons & Nigeria,British Cameroons
560,British Cameroons & Nigeria,Nigeria
561,British Cameroons & Northern Nigeria (British Nigeria),British Cameroons
562,British Cameroons & Northern Nigeria (British Nigeria),Northern Nigeria (British Nigeria)
563,British Colonies & United Kingdom,British Colonies
564,British Colonies & United Kingdom,United Kingdom
565,British Columbia & British North Eastern America,British Columbia
566,British Columbia & British North Eastern America,British North Eastern America
567,British Columbia & Rupert's Land,British Columbia
568,British Columbia & Rupert's Land,Rupert's Land
569,British Columbia & Vancouver,British Columbia
570,British Columbia & Vancouver,Vancouver
571,British East Indies & Canary Is. & Cape Colony (Cape of Good Hope),British East Indies
572,British East Indies & Canary Is. & Cape Colony (Cape of Good Hope),Canary Is.
573,British East Indies & Canary Is. & Cape Colony (Cape of Good Hope),Cape Colony (Cape of Good Hope)
574,British East Indies & Canary Is. & Cape Colony (Cape of Good Hope) & Madagascar (Malagasy Republic),British East Indies
575,British East Indies & Canary Is. & Cape Colony (Cape of Good Hope) & Madagascar (Malagasy Republic),Canary Is.
576,British East Indies & Canary Is. & Cape Colony (Cape of Good Hope) & Madagascar (Malagasy Republic),Cape Colony (Cape of Good Hope)
577,British East Indies & Canary Is. & Cape Colony (Cape of Good Hope) & Madagascar (Malagasy Republic),Madagascar (Malagasy Republic)
578,British East Indies & Thailand (Siam),British East Indies
579,British East Indies & Thailand (Siam),Thailand (Siam)
580,British Eastern Africa & Cape Colony (Cape of Good Hope) & Egypt Arab Republic (Egypt) & Madagascar (Malagasy Republic),British Eastern Africa
581,British Eastern Africa & Cape Colony (Cape of Good Hope) & Egypt Arab Republic (Egypt) & Madagascar (Malagasy Republic),Cape Colony (Cape of Good Hope)
582,British Eastern Africa & Cape Colony (Cape of Good Hope) & Egypt Arab Republic (Egypt) & Madagascar (Malagasy Republic),Egypt Arab Republic (Egypt)
583,British Eastern Africa & Cape Colony (Cape of Good Hope) & Egypt Arab Republic (Egypt) & Madagascar (Malagasy Republic),Madagascar (Malagasy Republic)
584,British Eastern Africa & Cape Colony (Cape of Good Hope) & Madagascar (Malagasy Republic),British Eastern Africa
585,British Eastern Africa & Cape Colony (Cape of Good Hope) & Madagascar (Malagasy Republic),Cape Colony (Cape of Good Hope)
586,British Eastern Africa & Cape Colony (Cape of Good Hope) & Madagascar (Malagasy Republic),Madagascar (Malagasy Republic)
587,British Eastern Africa & Pemba Island & Zanzibar,British Eastern Africa
588,British Eastern Africa & Pemba Island & Zanzibar,Pemba Island
589,British Eastern Africa & Pemba Island & Zanzibar,Zanzibar
590,British Europe & United Kingdom,British Europe
591,British Europe & United Kingdom,United Kingdom
592,British Mediterranean Sea & United Kingdom,British Mediterranean Sea
593,British Mediterranean Sea & United Kingdom,United Kingdom
594,British Northern America (other) & Canada (Province of Canada),British Northern America (other)
595,British Northern America (other) & Canada (Province of Canada),Canada (Province of Canada)
596,British Northern America & United States of America,British Northern America
597,British Northern America & United States of America,United States of America
598,British Oceania & New Zealand,British Oceania
599,British Oceania & New Zealand,New Zealand
600,British Southern America & British West Indies & Guyana (British Guiana),British Southern America
601,British Southern America & British West Indies & Guyana (British Guiana),British West Indies
602,British Southern America & British West Indies & Guyana (British Guiana),Guyana (British Guiana)
603,British Southern America & French Southern America,British Southern America
604,British Southern America & French Southern America,French Southern America
605,British Togoland & Togo (French Togoland),British Togoland
606,British Togoland & Togo (French Togoland),Togo (French Togoland)
607,British West Indies (other) & Jamaica & Trinidad and Tobago,British West Indies (other)
608,British West Indies (other) & Jamaica & Trinidad and Tobago,Jamaica
609,British West Indies (other) & Jamaica & Trinidad and Tobago,Trinidad and Tobago
610,British West Indies & Guyana (British Guiana),British West Indies
611,British West Indies & Guyana (British Guiana),Guyana (British Guiana)
612,British West Indies & Swedish West Indies,British West Indies
613,British West Indies & Swedish West Indies,Swedish West Indies
614,British West Indies & United Kingdom,British West Indies
615,British West Indies & United Kingdom,United Kingdom
616,British Western Africa & Canada (Province of Canada),British Western Africa
617,British Western Africa & Canada (Province of Canada),Canada (Province of Canada)
618,British Western Africa & French Western Africa (other) & Liberia & Spanish Africa,British Western Africa
619,British Western Africa & French Western Africa (other) & Liberia & Spanish Africa,French Western Africa (other)
620,British Western Africa & French Western Africa (other) & Liberia & Spanish Africa,Liberia
621,British Western Africa & French Western Africa (other) & Liberia & Spanish Africa,Spanish Africa
622,British Western Africa & South Africa,British Western Africa
623,British Western Africa & South Africa,South Africa
624,Brunei & Sabah (North Borneo) & Sarawak,Brunei
625,Brunei & Sabah (North Borneo) & Sarawak,Sabah (North Borneo)
626,Brunei & Sabah (North Borneo) & Sarawak,Sarawak
627,Brunei & Sarawak,Brunei
628,Brunei & Sarawak,Sarawak
629,Buenos Aires & Montevideo,Buenos Aires
630,Buenos Aires & Montevideo,Montevideo
631,Bulgaria & Crete,Bulgaria
632,Bulgaria & Crete,Crete
633,Bulgaria & Egypt Arab Republic (Egypt) & Turkey (Ottoman Empire),Bulgaria
634,Bulgaria & Egypt Arab Republic (Egypt) & Turkey (Ottoman Empire),Egypt Arab Republic (Egypt)
635,Bulgaria & Egypt Arab Republic (Egypt) & Turkey (Ottoman Empire),Turkey (Ottoman Empire)
636,Bulgaria & European Turkey,Bulgaria
637,Bulgaria & European Turkey,European Turkey
638,Bulgaria & Kingdom of Serbia,Bulgaria
639,Bulgaria & Kingdom of Serbia,Kingdom of Serbia
640,Bulgaria & Kingdom of Serbia & Montenegro,Bulgaria
641,Bulgaria & Kingdom of Serbia & Montenegro,Kingdom of Serbia
642,Bulgaria & Kingdom of Serbia & Montenegro,Montenegro
643,Bulgaria & Kingdom of Serbia & Montenegro & Romania,Bulgaria
644,Bulgaria & Kingdom of Serbia & Montenegro & Romania,Kingdom of Serbia
645,Bulgaria & Kingdom of Serbia & Montenegro & Romania,Montenegro
646,Bulgaria & Kingdom of Serbia & Montenegro & Romania,Romania
647,Bulgaria & Kingdom of Serbia & Romania,Bulgaria
648,Bulgaria & Kingdom of Serbia & Romania,Kingdom of Serbia
649,Bulgaria & Kingdom of Serbia & Romania,Romania
650,Bulgaria & Turkey (Ottoman Empire),Bulgaria
651,Bulgaria & Turkey (Ottoman Empire),Turkey (Ottoman Empire)
652,Cambodia (Kampuchea) & Cochin China,Cambodia (Kampuchea)
653,Cambodia (Kampuchea) & Cochin China,Cochin China
654,Cambodia (Kampuchea) & Cochin China & Tonkin,Cambodia (Kampuchea)
655,Cambodia (Kampuchea) & Cochin China & Tonkin,Cochin China
656,Cambodia (Kampuchea) & Cochin China & Tonkin,Tonkin
657,Cameroun (French Cameroon) & French West Africa & Togo (French Togoland),Cameroun (French Cameroon)
658,Cameroun (French Cameroon) & French West Africa & Togo (French Togoland),French West Africa
659,Cameroun (French Cameroon) & French West Africa & Togo (French Togoland),Togo (French Togoland)
660,Cameroun (French Cameroon) & Togo (French Togoland),Cameroun (French Cameroon)
661,Cameroun (French Cameroon) & Togo (French Togoland),Togo (French Togoland)
662,Canada (Province of Canada) & Central America & Southern America & United States of America,Canada (Province of Canada)
663,Canada (Province of Canada) & Central America & Southern America & United States of America,Central America
664,Canada (Province of Canada) & Central America & Southern America & United States of America,Southern America
665,Canada (Province of Canada) & Central America & Southern America & United States of America,United States of America
666,Canada (Province of Canada) & Central America & United States of America,Canada (Province of Canada)
667,Canada (Province of Canada) & Central America & United States of America,Central America
668,Canada (Province of Canada) & Central America & United States of America,United States of America
669,Canada (Province of Canada) & Newfoundland and Labrador (Newfoundland),Canada (Province of Canada)
670,Canada (Province of Canada) & Newfoundland and Labrador (Newfoundland),Newfoundland and Labrador (Newfoundland)
671,Canada (Province of Canada) & Southern America,Canada (Province of Canada)
672,Canada (Province of Canada) & Southern America,Southern America
673,Canada (Province of Canada) & Southern America & United States of America,Canada (Province of Canada)
674,Canada (Province of Canada) & Southern America & United States of America,Southern America
675,Canada (Province of Canada) & Southern America & United States of America,United States of America
676,Canada (Province of Canada) & United States of America,Canada (Province of Canada)
677,Canada (Province of Canada) & United States of America,United States of America
678,Canary Is. & Cape Colony (Cape of Good Hope) & Madeira Isles,Canary Is.
679,Canary Is. & Cape Colony (Cape of Good Hope) & Madeira Isles,Cape Colony (Cape of Good Hope)
680,Canary Is. & Cape Colony (Cape of Good Hope) & Madeira Isles,Madeira Isles
681,Canary Is. & Madeira Isles,Canary Is.
682,Canary Is. & Madeira Isles,Madeira Isles
683,Canary Is. & Spain,Canary Is.
684,Canary Is. & Spain,Spain
685,Canary Is. & Spanish Morocco,Canary Is.
686,Canary Is. & Spanish Morocco,Spanish Morocco
687,Canary Is. & Tenerife,Canary Is.
688,Canary Is. & Tenerife,Tenerife
689,Canary Is. & Western Africa,Canary Is.
690,Canary Is. & Western Africa,Western Africa
691,Cape Breton I. & Nova Scotia,Cape Breton I.
692,Cape Breton I. & Nova Scotia,Nova Scotia
693,Cape Colony (Cape of Good Hope) & East Indies & Mauritius,Cape Colony (Cape of Good Hope)
694,Cape Colony (Cape of Good Hope) & East Indies & Mauritius,East Indies
695,Cape Colony (Cape of Good Hope) & East Indies & Mauritius,Mauritius
696,Cape Colony (Cape of Good Hope) & Eastern Africa,Cape Colony (Cape of Good Hope)
697,Cape Colony (Cape of Good Hope) & Eastern Africa,Eastern Africa
698,Cape Colony (Cape of Good Hope) & Gambia & Guinea (French Guinea) (Rivieres du Sud) & Mauritius & Senegal,Cape Colony (Cape of Good Hope)
699,Cape Colony (Cape of Good Hope) & Gambia & Guinea (French Guinea) (Rivieres du Sud) & Mauritius & Senegal,Gambia
700,Cape Colony (Cape of Good Hope) & Gambia & Guinea (French Guinea) (Rivieres du Sud) & Mauritius & Senegal,Guinea (French Guinea) (Rivieres du Sud)
701,Cape Colony (Cape of Good Hope) & Gambia & Guinea (French Guinea) (Rivieres du Sud) & Mauritius & Senegal,Mauritius
702,Cape Colony (Cape of Good Hope) & Gambia & Guinea (French Guinea) (Rivieres du Sud) & Mauritius & Senegal,Senegal
703,Cape Colony (Cape of Good Hope) & Guinea (French Guinea) (Rivieres du Sud),Cape Colony (Cape of Good Hope)
704,Cape Colony (Cape of Good Hope) & Guinea (French Guinea) (Rivieres du Sud),Guinea (French Guinea) (Rivieres du Sud)
705,Cape Colony (Cape of Good Hope) & India,Cape Colony (Cape of Good Hope)
706,Cape Colony (Cape of Good Hope) & India,India
707,Cape Colony (Cape of Good Hope) & Mauritius,Cape Colony (Cape of Good Hope)
708,Cape Colony (Cape of Good Hope) & Mauritius,Mauritius
709,Cape Colony (Cape of Good Hope) & Mauritius & New South Wales,Cape Colony (Cape of Good Hope)
710,Cape Colony (Cape of Good Hope) & Mauritius & New South Wales,Mauritius
711,Cape Colony (Cape of Good Hope) & Mauritius & New South Wales,New South Wales
712,Cape Colony (Cape of Good Hope) & Natal,Cape Colony (Cape of Good Hope)
713,Cape Colony (Cape of Good Hope) & Natal,Natal
714,Cape Colony (Cape of Good Hope) & South Africa (other),Cape Colony (Cape of Good Hope)
715,Cape Colony (Cape of Good Hope) & South Africa (other),South Africa (other)
716,Cape Colony (Cape of Good Hope) & Western Africa,Cape Colony (Cape of Good Hope)
717,Cape Colony (Cape of Good Hope) & Western Africa,Western Africa
718,Cape Verde & East Timor (Portuguese Timor) & Macao & Portuguese India & Sao Tome-Principe,Cape Verde
719,Cape Verde & East Timor (Portuguese Timor) & Macao & Portuguese India & Sao Tome-Principe,East Timor (Portuguese Timor)
720,Cape Verde & East Timor (Portuguese Timor) & Macao & Portuguese India & Sao Tome-Principe,Macao
721,Cape Verde & East Timor (Portuguese Timor) & Macao & Portuguese India & Sao Tome-Principe,Portuguese India
722,Cape Verde & East Timor (Portuguese Timor) & Macao & Portuguese India & Sao Tome-Principe,Sao Tome-Principe
723,Cape Verde & Goree & Senegal & Windward Coast of Africa,Cape Verde
724,Cape Verde & Goree & Senegal & Windward Coast of Africa,Goree
725,Cape Verde & Goree & Senegal & Windward Coast of Africa,Senegal
726,Cape Verde & Goree & Senegal & Windward Coast of Africa,Windward Coast of Africa
727,Casablanca & El Jadida (Mazaghan),Casablanca
728,Casablanca & El Jadida (Mazaghan),El Jadida (Mazaghan)
729,Central African Republic (Ubangi Shari) & Chad,Central African Republic (Ubangi Shari)
730,Central African Republic (Ubangi Shari) & Chad,Chad
731,Central African Republic (Ubangi Shari) & Congo (Brazzaville) (French Congo) (Middle Congo),Central African Republic (Ubangi Shari)
732,Central African Republic (Ubangi Shari) & Congo (Brazzaville) (French Congo) (Middle Congo),Congo (Brazzaville) (French Congo) (Middle Congo)
733,Central America & Guatemala,Central America
734,Central America & Guatemala,Guatemala
735,Central America & Mexico,Central America
736,Central America & Mexico,Mexico
737,Central America & Mexico (other),Central America
738,Central America & Mexico (other),Mexico (other)
739,Central America & Mexico & Panama,Central America
740,Central America & Mexico & Panama,Mexico
741,Central America & Mexico & Panama,Panama
742,Central America & Mexico & West Indies,Central America
743,Central America & Mexico & West Indies,Mexico
744,Central America & Mexico & West Indies,West Indies
745,Central America & Southern America,Central America
746,Central America & Southern America,Southern America
747,Central America & Southern America & West Indies (other),Central America
748,Central America & Southern America & West Indies (other),Southern America
749,Central America & Southern America & West Indies (other),West Indies (other)
750,Central America & Spanish America,Central America
751,Central America & Spanish America,Spanish America
752,Central America & West Indies,Central America
753,Central America & West Indies,West Indies
754,Ceuta & Melilla,Ceuta
755,Ceuta & Melilla,Melilla
756,Channel Is. & Isle of Man,Channel Is.
757,Channel Is. & Isle of Man,Isle of Man
758,Channel Is. & United Kingdom,Channel Is.
759,Channel Is. & United Kingdom,United Kingdom
760,Chennai (Madras) & Coromandel Coast Posts,Chennai (Madras)
761,Chennai (Madras) & Coromandel Coast Posts,Coromandel Coast Posts
762,Chennai (Madras) & India (Coast),Chennai (Madras)
763,Chennai (Madras) & India (Coast),India (Coast)
764,Chennai (Madras) & Kolkata (Calcutta),Chennai (Madras)
765,Chennai (Madras) & Kolkata (Calcutta),Kolkata (Calcutta)
766,Chile & Cuba & Peru & World (other),Chile
767,Chile & Cuba & Peru & World (other),Cuba
768,Chile & Cuba & Peru & World (other),Peru
769,Chile & Cuba & Peru & World (other),World (other)
770,Chile & India,Chile
771,Chile & India,India
772,Chile & Patagonia (Pacific Coast),Chile
773,Chile & Patagonia (Pacific Coast),Patagonia (Pacific Coast)
774,Chile & Peru,Chile
775,Chile & Peru,Peru
776,Chile & Southern America (other) & Uruguay,Chile
777,Chile & Southern America (other) & Uruguay,Southern America (other)
778,Chile & Southern America (other) & Uruguay,Uruguay
779,Chinese Treaty Ports & Hong Kong,Chinese Treaty Ports
780,Chinese Treaty Ports & Hong Kong,Hong Kong
781,Christmas I. & Cocos (Keeling) Is.,Christmas I.
782,Christmas I. & Cocos (Keeling) Is.,Cocos (Keeling) Is.
783,Cochin China & French India,Cochin China
784,Cochin China & French India,French India
785,Cochin China & Java & Philippines & Thailand (Siam),Cochin China
786,Cochin China & Java & Philippines & Thailand (Siam),Java
787,Cochin China & Java & Philippines & Thailand (Siam),Philippines
788,Cochin China & Java & Philippines & Thailand (Siam),Thailand (Siam)
789,Cochin China & Oceania & People's Republic of China (China),Cochin China
790,Cochin China & Oceania & People's Republic of China (China),Oceania
791,Cochin China & Oceania & People's Republic of China (China),People's Republic of China (China)
792,Cochin China & Oceania & People's Republic of China (China) & Philippines,Cochin China
793,Cochin China & Oceania & People's Republic of China (China) & Philippines,Oceania
794,Cochin China & Oceania & People's Republic of China (China) & Philippines,People's Republic of China (China)
795,Cochin China & Oceania & People's Republic of China (China) & Philippines,Philippines
796,Cochin China & People's Republic of China (China),Cochin China
797,Cochin China & People's Republic of China (China),People's Republic of China (China)
798,Cochin China & Thailand (Siam),Cochin China
799,Cochin China & Thailand (Siam),Thailand (Siam)
800,Cochin China & Tonkin,Cochin China
801,Cochin China & Tonkin,Tonkin
802,Colombia (New Granada) (Gran Colombia) & Ecuador & Venezuela,Colombia (New Granada) (Gran Colombia)
803,Colombia (New Granada) (Gran Colombia) & Ecuador & Venezuela,Ecuador
804,Colombia (New Granada) (Gran Colombia) & Ecuador & Venezuela,Venezuela
805,Colombia (New Granada) (Gran Colombia) & Galapagos Is.,Colombia (New Granada) (Gran Colombia)
806,Colombia (New Granada) (Gran Colombia) & Galapagos Is.,Galapagos Is.
807,Colombia (New Granada) (Gran Colombia) & Guatemala,Colombia (New Granada) (Gran Colombia)
808,Colombia (New Granada) (Gran Colombia) & Guatemala,Guatemala
809,Colombia (New Granada) (Gran Colombia) & Guatemala & Venezuela,Colombia (New Granada) (Gran Colombia)
810,Colombia (New Granada) (Gran Colombia) & Guatemala & Venezuela,Guatemala
811,Colombia (New Granada) (Gran Colombia) & Guatemala & Venezuela,Venezuela
812,Colombia (New Granada) (Gran Colombia) & Panama,Colombia (New Granada) (Gran Colombia)
813,Colombia (New Granada) (Gran Colombia) & Panama,Panama
814,Colombia (New Granada) (Gran Colombia) & Venezuela,Colombia (New Granada) (Gran Colombia)
815,Colombia (New Granada) (Gran Colombia) & Venezuela,Venezuela
816,Colón & Panama,Colón
817,Colón & Panama,Panama
818,Comoros & Madagascar (Malagasy Republic),Comoros
819,Comoros & Madagascar (Malagasy Republic),Madagascar (Malagasy Republic)
820,Congo (Brazzaville) (French Congo) (Middle Congo) & French Africa (other) & Senegal,Congo (Brazzaville) (French Congo) (Middle Congo)
821,Congo (Brazzaville) (French Congo) (Middle Congo) & French Africa (other) & Senegal,French Africa (other)
822,Congo (Brazzaville) (French Congo) (Middle Congo) & French Africa (other) & Senegal,Senegal
823,Congo (Brazzaville) (French Congo) (Middle Congo) & French Western Africa (other) & Senegal,Congo (Brazzaville) (French Congo) (Middle Congo)
824,Congo (Brazzaville) (French Congo) (Middle Congo) & French Western Africa (other) & Senegal,French Western Africa (other)
825,Congo (Brazzaville) (French Congo) (Middle Congo) & French Western Africa (other) & Senegal,Senegal
826,Congo (Brazzaville) (French Congo) (Middle Congo) & Senegal,Congo (Brazzaville) (French Congo) (Middle Congo)
827,Congo (Brazzaville) (French Congo) (Middle Congo) & Senegal,Senegal
828,Congress Poland & Cracow (Free City of Cracow),Congress Poland
829,Congress Poland & Cracow (Free City of Cracow),Cracow (Free City of Cracow)
830,Congress Poland & Galicia (Kingdom of Galicia and Lodomeria) & Russian provinces,Congress Poland
831,Congress Poland & Galicia (Kingdom of Galicia and Lodomeria) & Russian provinces,Galicia (Kingdom of Galicia and Lodomeria)
832,Congress Poland & Galicia (Kingdom of Galicia and Lodomeria) & Russian provinces,Russian provinces
833,Congress Poland & Russia (USSR),Congress Poland
834,Congress Poland & Russia (USSR),Russia (USSR)
835,Corfu & Malta,Corfu
836,Corfu & Malta,Malta
837,Costa Rica & El Salvador & Guatemala,Costa Rica
838,Costa Rica & El Salvador & Guatemala,El Salvador
839,Costa Rica & El Salvador & Guatemala,Guatemala
840,Costa Rica & El Salvador & Guatemala & Honduras,Costa Rica
841,Costa Rica & El Salvador & Guatemala & Honduras,El Salvador
842,Costa Rica & El Salvador & Guatemala & Honduras,Guatemala
843,Costa Rica & El Salvador & Guatemala & Honduras,Honduras
844,Costa Rica & El Salvador & Guatemala & Honduras & Nicaragua,Costa Rica
845,Costa Rica & El Salvador & Guatemala & Honduras & Nicaragua,El Salvador
846,Costa Rica & El Salvador & Guatemala & Honduras & Nicaragua,Guatemala
847,Costa Rica & El Salvador & Guatemala & Honduras & Nicaragua,Honduras
848,Costa Rica & El Salvador & Guatemala & Honduras & Nicaragua,Nicaragua
849,Costa Rica & Guatemala & Honduras,Costa Rica
850,Costa Rica & Guatemala & Honduras,Guatemala
851,Costa Rica & Guatemala & Honduras,Honduras
852,Crete & Egypt Arab Republic (Egypt),Crete
853,Crete & Egypt Arab Republic (Egypt),Egypt Arab Republic (Egypt)
854,Crete & European Turkey,Crete
855,Crete & European Turkey,European Turkey
856,Crete & Greece,Crete
857,Crete & Greece,Greece
858,Crete & Turkey (Ottoman Empire),Crete
859,Crete & Turkey (Ottoman Empire),Turkey (Ottoman Empire)
860,Croatia & Dalmatia & Illyria,Croatia
861,Croatia & Dalmatia & Illyria,Dalmatia
862,Croatia & Dalmatia & Illyria,Illyria
863,Croatia & Kingdom of Serbia,Croatia
864,Croatia & Kingdom of Serbia,Kingdom of Serbia
865,Cuba & Curacao & Guadeloupe & Martinique & Puerto Rico & St. Croix & St. Thomas,Cuba
866,Cuba & Curacao & Guadeloupe & Martinique & Puerto Rico & St. Croix & St. Thomas,Curacao
867,Cuba & Curacao & Guadeloupe & Martinique & Puerto Rico & St. Croix & St. Thomas,Guadeloupe
868,Cuba & Curacao & Guadeloupe & Martinique & Puerto Rico & St. Croix & St. Thomas,Martinique
869,Cuba & Curacao & Guadeloupe & Martinique & Puerto Rico & St. Croix & St. Thomas,Puerto Rico
870,Cuba & Curacao & Guadeloupe & Martinique & Puerto Rico & St. Croix & St. Thomas,St. Croix
871,Cuba & Curacao & Guadeloupe & Martinique & Puerto Rico & St. Croix & St. Thomas,St. Thomas
872,Cuba & Dominican Republic (Santo Domingo) & Haiti,Cuba
873,Cuba & Dominican Republic (Santo Domingo) & Haiti,Dominican Republic (Santo Domingo)
874,Cuba & Dominican Republic (Santo Domingo) & Haiti,Haiti
875,Cuba & Haiti & Puerto Rico,Cuba
876,Cuba & Haiti & Puerto Rico,Haiti
877,Cuba & Haiti & Puerto Rico,Puerto Rico
878,Cuba & Haiti & Puerto Rico & World (other),Cuba
879,Cuba & Haiti & Puerto Rico & World (other),Haiti
880,Cuba & Haiti & Puerto Rico & World (other),Puerto Rico
881,Cuba & Haiti & Puerto Rico & World (other),World (other)
882,Cuba & La Guaira,Cuba
883,Cuba & La Guaira,La Guaira
884,Cuba & Philippines & Puerto Rico,Cuba
885,Cuba & Philippines & Puerto Rico,Philippines
886,Cuba & Philippines & Puerto Rico,Puerto Rico
887,Cuba & Puerto Rico,Cuba
888,Cuba & Puerto Rico,Puerto Rico
889,Cuba & Spain,Cuba
890,Cuba & Spain,Spain
891,Cuba & West Indies (other),Cuba
892,Cuba & West Indies (other),West Indies (other)
893,Curacao & Dutch Windward Is. & Sint Eustatius,Curacao
894,Curacao & Dutch Windward Is. & Sint Eustatius,Dutch Windward Is.
895,Curacao & Dutch Windward Is. & Sint Eustatius,Sint Eustatius
896,Curacao & Jamaica,Curacao
897,Curacao & Jamaica,Jamaica
898,Curacao & Jamaica & Trinidad and Tobago,Curacao
899,Curacao & Jamaica & Trinidad and Tobago,Jamaica
900,Curacao & Jamaica & Trinidad and Tobago,Trinidad and Tobago
901,Curacao & Netherlands,Curacao
902,Curacao & Netherlands,Netherlands
903,Curacao & Surinam (Dutch Guiana),Curacao
904,Curacao & Surinam (Dutch Guiana),Surinam (Dutch Guiana)
905,Cuxhaven & Hamburg,Cuxhaven
906,Cuxhaven & Hamburg,Hamburg
907,Cuxhaven & Heligoland,Cuxhaven
908,Cuxhaven & Heligoland,Heligoland
909,Cyprus & Gibraltar,Cyprus
910,Cyprus & Gibraltar,Gibraltar
911,Cyprus & Gibraltar & Heligoland & Malta & United Kingdom,Cyprus
912,Cyprus & Gibraltar & Heligoland & Malta & United Kingdom,Gibraltar
913,Cyprus & Gibraltar & Heligoland & Malta & United Kingdom,Heligoland
914,Cyprus & Gibraltar & Heligoland & Malta & United Kingdom,Malta
915,Cyprus & Gibraltar & Heligoland & Malta & United Kingdom,United Kingdom
916,Cyprus & Gibraltar & Malta,Cyprus
917,Cyprus & Gibraltar & Malta,Gibraltar
918,Cyprus & Gibraltar & Malta,Malta
919,Cyprus & Gozo & Malta,Cyprus
920,Cyprus & Gozo & Malta,Gozo
921,Cyprus & Gozo & Malta,Malta
922,Cyprus & Malta,Cyprus
923,Cyprus & Malta,Malta
924,Cyprus & Palestine,Cyprus
925,Cyprus & Palestine,Palestine
926,Cyrenaica & Tripolitania (Regency of Tripoli),Cyrenaica
927,Cyrenaica & Tripolitania (Regency of Tripoli),Tripolitania (Regency of Tripoli)
928,Czechoslovakia & Hungary,Czechoslovakia
929,Czechoslovakia & Hungary,Hungary
930,Dalian & Korea (Chosen) & Vladivostok,Dalian
931,Dalian & Korea (Chosen) & Vladivostok,Korea (Chosen)
932,Dalian & Korea (Chosen) & Vladivostok,Vladivostok
933,Danish America & Spanish America,Danish America
934,Danish America & Spanish America,Spanish America
935,Danish Colonies & Denmark,Danish Colonies
936,Danish Colonies & Denmark,Denmark
937,Danish India & French India & India,Danish India
938,Danish India & French India & India,French India
939,Danish India & French India & India,India
940,Danzig (Free City of Danzig) & Memel,Danzig (Free City of Danzig)
941,Danzig (Free City of Danzig) & Memel,Memel
942,Danzig (Free City of Danzig) & Poland,Danzig (Free City of Danzig)
943,Danzig (Free City of Danzig) & Poland,Poland
944,Davis Strait & Greenland,Davis Strait
945,Davis Strait & Greenland,Greenland
946,Democratic Republic of the Congo (Zaire) (Kinshasa) (Belgian Congo) (Congo Free State) & Ruanda-Urundi,Democratic Republic of the Congo (Zaire) (Kinshasa) (Belgian Congo) (Congo Free State)
947,Democratic Republic of the Congo (Zaire) (Kinshasa) (Belgian Congo) (Congo Free State) & Ruanda-Urundi,Ruanda-Urundi
948,Democratic Republic of the Congo (Zaire) (Kinshasa) (Belgian Congo) (Congo Free State) & Uganda,Democratic Republic of the Congo (Zaire) (Kinshasa) (Belgian Congo) (Congo Free State)
949,Democratic Republic of the Congo (Zaire) (Kinshasa) (Belgian Congo) (Congo Free State) & Uganda,Uganda
950,Denmark & Faeroe Is.,Denmark
951,Denmark & Faeroe Is.,Faeroe Is.
952,Denmark & Faeroe Is. & Greenland & Iceland,Denmark
953,Denmark & Faeroe Is. & Greenland & Iceland,Faeroe Is.
954,Denmark & Faeroe Is. & Greenland & Iceland,Greenland
955,Denmark & Faeroe Is. & Greenland & Iceland,Iceland
956,Denmark & Faeroe Is. & Iceland,Denmark
957,Denmark & Faeroe Is. & Iceland,Faeroe Is.
958,Denmark & Faeroe Is. & Iceland,Iceland
959,Denmark & Greenland,Denmark
960,Denmark & Greenland,Greenland
961,Denmark & Greenland & Iceland,Denmark
962,Denmark & Greenland & Iceland,Greenland
963,Denmark & Greenland & Iceland,Iceland
964,Denmark & Holstein & Schleswig,Denmark
965,Denmark & Holstein & Schleswig,Holstein
966,Denmark & Holstein & Schleswig,Schleswig
967,Denmark & Iceland,Denmark
968,Denmark & Iceland,Iceland
969,Denmark & Madeira Isles & Spain,Denmark
970,Denmark & Madeira Isles & Spain,Madeira Isles
971,Denmark & Madeira Isles & Spain,Spain
972,Denmark & Norway,Denmark
973,Denmark & Norway,Norway
974,Denmark & Norway & Russia (USSR) & Sweden,Denmark
975,Denmark & Norway & Russia (USSR) & Sweden,Norway
976,Denmark & Norway & Russia (USSR) & Sweden,Russia (USSR)
977,Denmark & Norway & Russia (USSR) & Sweden,Sweden
978,Denmark & Norway & Sweden,Denmark
979,Denmark & Norway & Sweden,Norway
980,Denmark & Norway & Sweden,Sweden
981,Denmark & Russia (USSR),Denmark
982,Denmark & Russia (USSR),Russia (USSR)
983,Denmark & Russia (USSR) & Sweden,Denmark
984,Denmark & Russia (USSR) & Sweden,Russia (USSR)
985,Denmark & Russia (USSR) & Sweden,Sweden
986,Denmark & Saxony,Denmark
987,Denmark & Saxony,Saxony
988,Denmark & Sweden,Denmark
989,Denmark & Sweden,Sweden
990,Denmark & Virgin Islands (Danish West Indies),Denmark
991,Denmark & Virgin Islands (Danish West Indies),Virgin Islands (Danish West Indies)
992,Djibouti (Afar and Issas) (French Somaliland) & Eritrea,Djibouti (Afar and Issas) (French Somaliland)
993,Djibouti (Afar and Issas) (French Somaliland) & Eritrea,Eritrea
994,Djibouti (Afar and Issas) (French Somaliland) & Ethiopia (Abyssinia),Djibouti (Afar and Issas) (French Somaliland)
995,Djibouti (Afar and Issas) (French Somaliland) & Ethiopia (Abyssinia),Ethiopia (Abyssinia)
996,Djibouti (Afar and Issas) (French Somaliland) & Ethiopia (Abyssinia) & Eritrea & Italian Somaliland & Sudan (Anglo-Egyptian Sudan) (Mahdist State),Djibouti (Afar and Issas) (French Somaliland)
997,Djibouti (Afar and Issas) (French Somaliland) & Ethiopia (Abyssinia) & Eritrea & Italian Somaliland & Sudan (Anglo-Egyptian Sudan) (Mahdist State),Ethiopia (Abyssinia)
998,Djibouti (Afar and Issas) (French Somaliland) & Ethiopia (Abyssinia) & Eritrea & Italian Somaliland & Sudan (Anglo-Egyptian Sudan) (Mahdist State),Eritrea
999,Djibouti (Afar and Issas) (French Somaliland) & Ethiopia (Abyssinia) & Eritrea & Italian Somaliland & Sudan (Anglo-Egyptian Sudan) (Mahdist State),Italian Somaliland
1000,Djibouti (Afar and Issas) (French Somaliland) & Ethiopia (Abyssinia) & Eritrea & Italian Somaliland & Sudan (Anglo-Egyptian Sudan) (Mahdist State),Sudan (Anglo-Egyptian Sudan) (Mahdist State)
1001,Djibouti (Afar and Issas) (French Somaliland) & Italian Somaliland,Djibouti (Afar and Issas) (French Somaliland)
1002,Djibouti (Afar and Issas) (French Somaliland) & Italian Somaliland,Italian Somaliland
1003,Djibouti (Afar and Issas) (French Somaliland) & Italian Somaliland & Somaliland Republic (British Somaliland),Djibouti (Afar and Issas) (French Somaliland)
1004,Djibouti (Afar and Issas) (French Somaliland) & Italian Somaliland & Somaliland Republic (British Somaliland),Italian Somaliland
1005,Djibouti (Afar and Issas) (French Somaliland) & Italian Somaliland & Somaliland Republic (British Somaliland),Somaliland Republic (British Somaliland)
1006,Djibouti (Afar and Issas) (French Somaliland) & Obock,Djibouti (Afar and Issas) (French Somaliland)
1007,Djibouti (Afar and Issas) (French Somaliland) & Obock,Obock
1008,Djibouti (Afar and Issas) (French Somaliland) & Socotra I. & Somaliland Republic (British Somaliland),Djibouti (Afar and Issas) (French Somaliland)
1009,Djibouti (Afar and Issas) (French Somaliland) & Socotra I. & Somaliland Republic (British Somaliland),Socotra I.
1010,Djibouti (Afar and Issas) (French Somaliland) & Socotra I. & Somaliland Republic (British Somaliland),Somaliland Republic (British Somaliland)
1011,Djibouti (Afar and Issas) (French Somaliland) & Somaliland Republic (British Somaliland),Djibouti (Afar and Issas) (French Somaliland)
1012,Djibouti (Afar and Issas) (French Somaliland) & Somaliland Republic (British Somaliland),Somaliland Republic (British Somaliland)
1013,Dodecanese Is. (Aegean Is.) & Italy,Dodecanese Is. (Aegean Is.)
1014,Dodecanese Is. (Aegean Is.) & Italy,Italy
1015,Dominican Republic (Santo Domingo) & Haiti,Dominican Republic (Santo Domingo)
1016,Dominican Republic (Santo Domingo) & Haiti,Haiti
1017,Dominican Republic (Santo Domingo) & Haiti & Puerto Rico,Dominican Republic (Santo Domingo)
1018,Dominican Republic (Santo Domingo) & Haiti & Puerto Rico,Haiti
1019,Dominican Republic (Santo Domingo) & Haiti & Puerto Rico,Puerto Rico
1020,Dutch Asia (other) & Java,Dutch Asia (other)
1021,Dutch Asia (other) & Java,Java
1022,Dutch Asia & Dutch Oceania,Dutch Asia
1023,Dutch Asia & Dutch Oceania,Dutch Oceania
1024,Dutch Borneo & Java,Dutch Borneo
1025,Dutch Borneo & Java,Java
1026,Dutch Borneo & Sarawak,Dutch Borneo
1027,Dutch Borneo & Sarawak,Sarawak
1028,Dutch Colonies (other) & Natuna,Dutch Colonies (other)
1029,Dutch Colonies (other) & Natuna,Natuna
1030,Dutch Colonies & Netherlands,Dutch Colonies
1031,Dutch Colonies & Netherlands,Netherlands
1032,East Frisia & Oldenburg,East Frisia
1033,East Frisia & Oldenburg,Oldenburg
1034,East India Company & People's Republic of China (China) & Sri Lanka (Ceylon),East India Company
1035,East India Company & People's Republic of China (China) & Sri Lanka (Ceylon),People's Republic of China (China)
1036,East India Company & People's Republic of China (China) & Sri Lanka (Ceylon),Sri Lanka (Ceylon)
1037,East India Company & Sri Lanka (Ceylon),East India Company
1038,East India Company & Sri Lanka (Ceylon),Sri Lanka (Ceylon)
1039,East Indies & Guinea (French Guinea) (Rivieres du Sud) & People's Republic of China (China),East Indies
1040,East Indies & Guinea (French Guinea) (Rivieres du Sud) & People's Republic of China (China),Guinea (French Guinea) (Rivieres du Sud)
1041,East Indies & Guinea (French Guinea) (Rivieres du Sud) & People's Republic of China (China),People's Republic of China (China)
1042,East Indies & People's Republic of China (China),East Indies
1043,East Indies & People's Republic of China (China),People's Republic of China (China)
1044,East Indies & Philippines & Thailand (Siam),East Indies
1045,East Indies & Philippines & Thailand (Siam),Philippines
1046,East Indies & Philippines & Thailand (Siam),Thailand (Siam)
1047,East Indies & Thailand (Siam),East Indies
1048,East Indies & Thailand (Siam),Thailand (Siam)
1049,East Indies & West Indies,East Indies
1050,East Indies & West Indies,West Indies
1051,East Timor (Portuguese Timor) & Macao,East Timor (Portuguese Timor)
1052,East Timor (Portuguese Timor) & Macao,Macao
1053,East Timor (Portuguese Timor) & Macao & Portuguese India,East Timor (Portuguese Timor)
1054,East Timor (Portuguese Timor) & Macao & Portuguese India,Macao
1055,East Timor (Portuguese Timor) & Macao & Portuguese India,Portuguese India
1056,Eastern Africa & Madagascar (Malagasy Republic),Eastern Africa
1057,Eastern Africa & Madagascar (Malagasy Republic),Madagascar (Malagasy Republic)
1058,Eastern Africa & Mauritius,Eastern Africa
1059,Eastern Africa & Mauritius,Mauritius
1060,Eastern Africa & South Africa & Western Africa,Eastern Africa
1061,Eastern Africa & South Africa & Western Africa,South Africa
1062,Eastern Africa & South Africa & Western Africa,Western Africa
1063,Eastern Asia (other) & French India & Japan & People's Republic of China (China),Eastern Asia (other)
1064,Eastern Asia (other) & French India & Japan & People's Republic of China (China),French India
1065,Eastern Asia (other) & French India & Japan & People's Republic of China (China),Japan
1066,Eastern Asia (other) & French India & Japan & People's Republic of China (China),People's Republic of China (China)
1067,Eastern Asia (other) & Japan & People's Republic of China (China),Eastern Asia (other)
1068,Eastern Asia (other) & Japan & People's Republic of China (China),Japan
1069,Eastern Asia (other) & Japan & People's Republic of China (China),People's Republic of China (China)
1070,Eastern Asia & India,Eastern Asia
1071,Eastern Asia & India,India
1072,Eastern Asia & People's Republic of China (China),Eastern Asia
1073,Eastern Asia & People's Republic of China (China),People's Republic of China (China)
1074,Ecuador & Guatemala,Ecuador
1075,Ecuador & Guatemala,Guatemala
1076,Ecuador & Peru,Ecuador
1077,Ecuador & Peru,Peru
1078,Egypt Arab Republic (Egypt) & Greece & Turkey (Ottoman Empire),Egypt Arab Republic (Egypt)
1079,Egypt Arab Republic (Egypt) & Greece & Turkey (Ottoman Empire),Greece
1080,Egypt Arab Republic (Egypt) & Greece & Turkey (Ottoman Empire),Turkey (Ottoman Empire)
1081,Egypt Arab Republic (Egypt) & Indian Transit,Egypt Arab Republic (Egypt)
1082,Egypt Arab Republic (Egypt) & Indian Transit,Indian Transit
1083,Egypt Arab Republic (Egypt) & Levant & Turkey (Ottoman Empire),Egypt Arab Republic (Egypt)
1084,Egypt Arab Republic (Egypt) & Levant & Turkey (Ottoman Empire),Levant
1085,Egypt Arab Republic (Egypt) & Levant & Turkey (Ottoman Empire),Turkey (Ottoman Empire)
1086,Egypt Arab Republic (Egypt) & Moldavia,Egypt Arab Republic (Egypt)
1087,Egypt Arab Republic (Egypt) & Moldavia,Moldavia
1088,Egypt Arab Republic (Egypt) & Sudan (Anglo-Egyptian Sudan) (Mahdist State),Egypt Arab Republic (Egypt)
1089,Egypt Arab Republic (Egypt) & Sudan (Anglo-Egyptian Sudan) (Mahdist State),Sudan (Anglo-Egyptian Sudan) (Mahdist State)
1090,Egypt Arab Republic (Egypt) & Syria,Egypt Arab Republic (Egypt)
1091,Egypt Arab Republic (Egypt) & Syria,Syria
1092,Egypt Arab Republic (Egypt) & Tripolitania (Regency of Tripoli),Egypt Arab Republic (Egypt)
1093,Egypt Arab Republic (Egypt) & Tripolitania (Regency of Tripoli),Tripolitania (Regency of Tripoli)
1094,Egypt Arab Republic (Egypt) & Turkey (Ottoman Empire),Egypt Arab Republic (Egypt)
1095,Egypt Arab Republic (Egypt) & Turkey (Ottoman Empire),Turkey (Ottoman Empire)
1096,El Salvador & Honduras & Nicaragua,El Salvador
1097,El Salvador & Honduras & Nicaragua,Honduras
1098,El Salvador & Honduras & Nicaragua,Nicaragua
1099,Equatorial Guinea (Spanish Guinea) & Spanish Morocco,Equatorial Guinea (Spanish Guinea)
1100,Equatorial Guinea (Spanish Guinea) & Spanish Morocco,Spanish Morocco
1101,Eritrea & Italian Somaliland,Eritrea
1102,Eritrea & Italian Somaliland,Italian Somaliland
1103,Essaouira (Mogador) & Safi,Essaouira (Mogador)
1104,Essaouira (Mogador) & Safi,Safi
1105,Estonia & Latvia,Estonia
1106,Estonia & Latvia,Latvia
1107,Estonia & Latvia & Lithuania,Estonia
1108,Estonia & Latvia & Lithuania,Latvia
1109,Estonia & Latvia & Lithuania,Lithuania
1110,Eswatini (Swaziland) & Zululand,Eswatini (Swaziland)
1111,Eswatini (Swaziland) & Zululand,Zululand
1112,Ethiopia (Abyssinia) & Italian Africa,Ethiopia (Abyssinia)
1113,Ethiopia (Abyssinia) & Italian Africa,Italian Africa
1114,Europe & European Russia,Europe
1115,Europe & European Russia,European Russia
1116,Europe & Levant,Europe
1117,Europe & Levant,Levant
1118,European Turkey & Montenegro,European Turkey
1119,European Turkey & Montenegro,Montenegro
1120,European Turkey & Romania,European Turkey
1121,European Turkey & Romania,Romania
1122,Faeroe Is. & Greenland,Faeroe Is.
1123,Faeroe Is. & Greenland,Greenland
1124,Faeroe Is. & Greenland & Iceland,Faeroe Is.
1125,Faeroe Is. & Greenland & Iceland,Greenland
1126,Faeroe Is. & Greenland & Iceland,Iceland
1127,Faeroe Is. & Iceland,Faeroe Is.
1128,Faeroe Is. & Iceland,Iceland
1129,Falkland Is. & Guyana (British Guiana),Falkland Is.
1130,Falkland Is. & Guyana (British Guiana),Guyana (British Guiana)
1131,Falkland Is. & Patagonia,Falkland Is.
1132,Falkland Is. & Patagonia,Patagonia
1133,Falkland Is. & Uruguay,Falkland Is.
1134,Falkland Is. & Uruguay,Uruguay
1135,Federated Malay States & Straits Settlements,Federated Malay States
1136,Federated Malay States & Straits Settlements,Straits Settlements
1137,Federated States of Micronesia & French Polynesia,Federated States of Micronesia
1138,Federated States of Micronesia & French Polynesia,French Polynesia
1139,Fernando Po (Bioko) & Río Muni,Fernando Po (Bioko)
1140,Fernando Po (Bioko) & Río Muni,Río Muni
1141,Fiji & Tonga (Haʻapai),Fiji
1142,Fiji & Tonga (Haʻapai),Tonga (Haʻapai)
1143,Finland & Russia (USSR),Finland
1144,Finland & Russia (USSR),Russia (USSR)
1145,Fiume & Italy,Fiume
1146,Fiume & Italy,Italy
1147,Fiume & Kingdom of Sardinia & Milan & Papal States & Republic of St. Mark & Tuscany & Two Sicilies,Fiume
1148,Fiume & Kingdom of Sardinia & Milan & Papal States & Republic of St. Mark & Tuscany & Two Sicilies,Kingdom of Sardinia
1149,Fiume & Kingdom of Sardinia & Milan & Papal States & Republic of St. Mark & Tuscany & Two Sicilies,Milan
1150,Fiume & Kingdom of Sardinia & Milan & Papal States & Republic of St. Mark & Tuscany & Two Sicilies,Papal States
1151,Fiume & Kingdom of Sardinia & Milan & Papal States & Republic of St. Mark & Tuscany & Two Sicilies,Republic of St. Mark
1152,Fiume & Kingdom of Sardinia & Milan & Papal States & Republic of St. Mark & Tuscany & Two Sicilies,Tuscany
1153,Fiume & Kingdom of Sardinia & Milan & Papal States & Republic of St. Mark & Tuscany & Two Sicilies,Two Sicilies
1154,Fiume & Republic of St. Mark & Trieste,Fiume
1155,Fiume & Republic of St. Mark & Trieste,Republic of St. Mark
1156,Fiume & Republic of St. Mark & Trieste,Trieste
1157,Fiume & Trieste,Fiume
1158,Fiume & Trieste,Trieste
1159,France & French Africa,France
1160,France & French Africa,French Africa
1161,France & French Colonies,France
1162,France & French Colonies,French Colonies
1163,France & French Mediterranean Sea,France
1164,France & French Mediterranean Sea,French Mediterranean Sea
1165,France & Monaco,France
1166,France & Monaco,Monaco
1167,France & Netherlands,France
1168,France & Netherlands,Netherlands
1169,France & Netherlands & Portugal & United States of America,France
1170,France & Netherlands & Portugal & United States of America,Netherlands
1171,France & Netherlands & Portugal & United States of America,Portugal
1172,France & Netherlands & Portugal & United States of America,United States of America
1173,France & Portugal,France
1174,France & Portugal,Portugal
1175,France & Tahiti,France
1176,France & Tahiti,Tahiti
1177,Free entrepots & Baltic Ports & North Sea,Free entrepots
1178,Free entrepots & Baltic Ports & North Sea,Baltic Ports
1179,Free entrepots & Baltic Ports & North Sea,North Sea
1180,French Asia & French India,French Asia
1181,French Asia & French India,French India
1182,French Asia & French India & Portuguese Asia,French Asia
1183,French Asia & French India & Portuguese Asia,French India
1184,French Asia & French India & Portuguese Asia,Portuguese Asia
1185,French Asia & French Polynesia,French Asia
1186,French Asia & French Polynesia,French Polynesia
1187,French Equatorial Africa & French West Africa,French Equatorial Africa
1188,French Equatorial Africa & French West Africa,French West Africa
1189,French Guiana & French West Indies,French Guiana
1190,French Guiana & French West Indies,French West Indies
1191,French Guiana & Guadeloupe & Martinique,French Guiana
1192,French Guiana & Guadeloupe & Martinique,Guadeloupe
1193,French Guiana & Guadeloupe & Martinique,Martinique
1194,French Guiana & Guyana (British Guiana) & Surinam (Dutch Guiana),French Guiana
1195,French Guiana & Guyana (British Guiana) & Surinam (Dutch Guiana),Guyana (British Guiana)
1196,French Guiana & Guyana (British Guiana) & Surinam (Dutch Guiana),Surinam (Dutch Guiana)
1197,French India & French Indochina,French India
1198,French India & French Indochina,French Indochina
1199,French India & India & Portuguese India,French India
1200,French India & India & Portuguese India,India
1201,French India & India & Portuguese India,Portuguese India
1202,French Indochina & Japan & People's Republic of China (China),French Indochina
1203,French Indochina & Japan & People's Republic of China (China),Japan
1204,French Indochina & Japan & People's Republic of China (China),People's Republic of China (China)
1205,French Indochina & People's Republic of China (China),French Indochina
1206,French Indochina & People's Republic of China (China),People's Republic of China (China)
1207,French Indochina & People's Republic of China (China) & Philippines & Thailand (Siam),French Indochina
1208,French Indochina & People's Republic of China (China) & Philippines & Thailand (Siam),People's Republic of China (China)
1209,French Indochina & People's Republic of China (China) & Philippines & Thailand (Siam),Philippines
1210,French Indochina & People's Republic of China (China) & Philippines & Thailand (Siam),Thailand (Siam)
1211,French Indochina & Thailand (Siam),French Indochina
1212,French Indochina & Thailand (Siam),Thailand (Siam)
1213,French Oceania (other) & New Caledonia,French Oceania (other)
1214,French Oceania (other) & New Caledonia,New Caledonia
1215,French Western Africa & Senegal,French Western Africa
1216,French Western Africa & Senegal,Senegal
1217,French West Africa & Togo (French Togoland),French West Africa
1218,French West Africa & Togo (French Togoland),Togo (French Togoland)
1219,French West Indies & Netherlands Antilles & Spanish West Indies & St. Barthelemy & Virgin Islands (Danish West Indies),French West Indies
1220,French West Indies & Netherlands Antilles & Spanish West Indies & St. Barthelemy & Virgin Islands (Danish West Indies),Netherlands Antilles
1221,French West Indies & Netherlands Antilles & Spanish West Indies & St. Barthelemy & Virgin Islands (Danish West Indies),Spanish West Indies
1222,French West Indies & Netherlands Antilles & Spanish West Indies & St. Barthelemy & Virgin Islands (Danish West Indies),St. Barthelemy
1223,French West Indies & Netherlands Antilles & Spanish West Indies & St. Barthelemy & Virgin Islands (Danish West Indies),Virgin Islands (Danish West Indies)
1224,French West Indies & St. Pierre and Miquelon,French West Indies
1225,French West Indies & St. Pierre and Miquelon,St. Pierre and Miquelon
1226,Galați & Odessa,Galați
1227,Galați & Odessa,Odessa
1228,Gambia & Guinea (French Guinea) (Rivieres du Sud) & Senegal,Gambia
1229,Gambia & Guinea (French Guinea) (Rivieres du Sud) & Senegal,Guinea (French Guinea) (Rivieres du Sud)
1230,Gambia & Guinea (French Guinea) (Rivieres du Sud) & Senegal,Senegal
1231,Gambia & Senegal,Gambia
1232,Gambia & Senegal,Senegal
1233,Gambia & Sierra Leone,Gambia
1234,Gambia & Sierra Leone,Sierra Leone
1235,Genoa & Kingdom of Sardinia,Genoa
1236,Genoa & Kingdom of Sardinia,Kingdom of Sardinia
1237,Genoa & Livorno,Genoa
1238,Genoa & Livorno,Livorno
1239,Genoa & Trieste,Genoa
1240,Genoa & Trieste,Trieste
1241,German Africa & German Oceania,German Africa
1242,German Africa & German Oceania,German Oceania
1243,German Austria & Italian Austria,German Austria
1244,German Austria & Italian Austria,Italian Austria
1245,German China & German Oceania,German China
1246,German China & German Oceania,German Oceania
1247,German Colonies & Germany (Zollverein),German Colonies
1248,German Colonies & Germany (Zollverein),Germany (Zollverein)
1249,German East Africa & Germany (Zollverein),German East Africa
1250,German East Africa & Germany (Zollverein),Germany (Zollverein)
1251,German Togoland & Kamerun,German Togoland
1252,German Togoland & Kamerun,Kamerun
1253,Germany (Zollverein) (other) & Prussia,Germany (Zollverein) (other)
1254,Germany (Zollverein) (other) & Prussia,Prussia
1255,Germany (Zollverein) & Hamburg,Germany (Zollverein)
1256,Germany (Zollverein) & Hamburg,Hamburg
1257,Germany (Zollverein) & Hanse Towns,Germany (Zollverein)
1258,Germany (Zollverein) & Hanse Towns,Hanse Towns
1259,Germany (Zollverein) & Saar,Germany (Zollverein)
1260,Germany (Zollverein) & Saar,Saar
1261,Ghana (Gold Coast) & Gold Coast-Togoland (Neutral Zone),Ghana (Gold Coast)
1262,Ghana (Gold Coast) & Gold Coast-Togoland (Neutral Zone),Gold Coast-Togoland (Neutral Zone)
1263,Gibraltar & Ionian Is. & Malta & United Kingdom,Gibraltar
1264,Gibraltar & Ionian Is. & Malta & United Kingdom,Ionian Is.
1265,Gibraltar & Ionian Is. & Malta & United Kingdom,Malta
1266,Gibraltar & Ionian Is. & Malta & United Kingdom,United Kingdom
1267,Gibraltar & Malta,Gibraltar
1268,Gibraltar & Malta,Malta
1269,Gibraltar & Malta & United Kingdom,Gibraltar
1270,Gibraltar & Malta & United Kingdom,Malta
1271,Gibraltar & Malta & United Kingdom,United Kingdom
1272,Gibraltar & Newfoundland and Labrador (Newfoundland) & United Kingdom,Gibraltar
1273,Gibraltar & Newfoundland and Labrador (Newfoundland) & United Kingdom,Newfoundland and Labrador (Newfoundland)
1274,Gibraltar & Newfoundland and Labrador (Newfoundland) & United Kingdom,United Kingdom
1275,Gibraltar & Portugal & Spain,Gibraltar
1276,Gibraltar & Portugal & Spain,Portugal
1277,Gibraltar & Portugal & Spain,Spain
1278,Gibraltar & Spain,Gibraltar
1279,Gibraltar & Spain,Spain
1280,Gibraltar & Spain & Spanish Colonies,Gibraltar
1281,Gibraltar & Spain & Spanish Colonies,Spain
1282,Gibraltar & Spain & Spanish Colonies,Spanish Colonies
1283,Gibraltar & United Kingdom,Gibraltar
1284,Gibraltar & United Kingdom,United Kingdom
1285,Goree & Senegal,Goree
1286,Goree & Senegal,Senegal
1287,Gozo & Malta,Gozo
1288,Gozo & Malta,Malta
1289,Greece & Ionian Is.,Greece
1290,Greece & Ionian Is.,Ionian Is.
1291,Greece & Istanbul (Constantinople) & Levant,Greece
1292,Greece & Istanbul (Constantinople) & Levant,Istanbul (Constantinople)
1293,Greece & Istanbul (Constantinople) & Levant,Levant
1294,Greece & Italy & Levant,Greece
1295,Greece & Italy & Levant,Italy
1296,Greece & Italy & Levant,Levant
1297,Greece & Malta,Greece
1298,Greece & Malta,Malta
1299,Greece & Malta & Turkey (Ottoman Empire),Greece
1300,Greece & Malta & Turkey (Ottoman Empire),Malta
1301,Greece & Malta & Turkey (Ottoman Empire),Turkey (Ottoman Empire)
1302,Greece & Netherlands & Norway & Spain & Switzerland & United States of America,Greece
1303,Greece & Netherlands & Norway & Spain & Switzerland & United States of America,Netherlands
1304,Greece & Netherlands & Norway & Spain & Switzerland & United States of America,Norway
1305,Greece & Netherlands & Norway & Spain & Switzerland & United States of America,Spain
1306,Greece & Netherlands & Norway & Spain & Switzerland & United States of America,Switzerland
1307,Greece & Netherlands & Norway & Spain & Switzerland & United States of America,United States of America
1308,Greece & Romania & Turkey (Ottoman Empire),Greece
1309,Greece & Romania & Turkey (Ottoman Empire),Romania
1310,Greece & Romania & Turkey (Ottoman Empire),Turkey (Ottoman Empire)
1311,Greece & Russia (USSR) & Turkey (Ottoman Empire),Greece
1312,Greece & Russia (USSR) & Turkey (Ottoman Empire),Russia (USSR)
1313,Greece & Russia (USSR) & Turkey (Ottoman Empire),Turkey (Ottoman Empire)
1314,Greece & Turkey (Ottoman Empire),Greece
1315,Greece & Turkey (Ottoman Empire),Turkey (Ottoman Empire)
1316,Greenland & Iceland,Greenland
1317,Greenland & Iceland,Iceland
1318,Greenland & Svalbard Is.,Greenland
1319,Greenland & Svalbard Is.,Svalbard Is.
1320,Guadeloupe & Martinique,Guadeloupe
1321,Guadeloupe & Martinique,Martinique
1322,Guadeloupe & Martinique & Reunion (Bourbon I.),Guadeloupe
1323,Guadeloupe & Martinique & Reunion (Bourbon I.),Martinique
1324,Guadeloupe & Martinique & Reunion (Bourbon I.),Reunion (Bourbon I.)
1325,Guam & Philippines,Guam
1326,Guam & Philippines,Philippines
1327,Guangzhou (Canton) & Manila,Guangzhou (Canton)
1328,Guangzhou (Canton) & Manila,Manila
1329,Guatemala & Mexico,Guatemala
1330,Guatemala & Mexico,Mexico
1331,Guatemala & Mexico & Texas,Guatemala
1332,Guatemala & Mexico & Texas,Mexico
1333,Guatemala & Mexico & Texas,Texas
1334,Guatemala & Nicaragua,Guatemala
1335,Guatemala & Nicaragua,Nicaragua
1336,Guyana (British Guiana) & Venezuela,Guyana (British Guiana)
1337,Guyana (British Guiana) & Venezuela,Venezuela
1338,Haiti & Puerto Rico,Haiti
1339,Haiti & Puerto Rico,Puerto Rico
1340,Haiti & Venezuela,Haiti
1341,Haiti & Venezuela,Venezuela
1342,Hamburg & Lübeck,Hamburg
1343,Hamburg & Lübeck,Lübeck
1344,Hamburg & Netherlands,Hamburg
1345,Hamburg & Netherlands,Netherlands
1346,Hamburg & North Germany,Hamburg
1347,Hamburg & North Germany,North Germany
1348,Hanover & Hanse Towns,Hanover
1349,Hanover & Hanse Towns,Hanse Towns
1350,Hanover & Hanse Towns & Heligoland & Kniphausen & Mecklenburg Schwerin & Oldenburg,Hanover
1351,Hanover & Hanse Towns & Heligoland & Kniphausen & Mecklenburg Schwerin & Oldenburg,Hanse Towns
1352,Hanover & Hanse Towns & Heligoland & Kniphausen & Mecklenburg Schwerin & Oldenburg,Heligoland
1353,Hanover & Hanse Towns & Heligoland & Kniphausen & Mecklenburg Schwerin & Oldenburg,Kniphausen
1354,Hanover & Hanse Towns & Heligoland & Kniphausen & Mecklenburg Schwerin & Oldenburg,Mecklenburg Schwerin
1355,Hanover & Hanse Towns & Heligoland & Kniphausen & Mecklenburg Schwerin & Oldenburg,Oldenburg
1356,Hanover & Hanse Towns & Mecklenburg Schwerin,Hanover
1357,Hanover & Hanse Towns & Mecklenburg Schwerin,Hanse Towns
1358,Hanover & Hanse Towns & Mecklenburg Schwerin,Mecklenburg Schwerin
1359,Hanover & Mecklenburg Schwerin,Hanover
1360,Hanover & Mecklenburg Schwerin,Mecklenburg Schwerin
1361,Hanover & Mecklenburg Schwerin & Oldenburg,Hanover
1362,Hanover & Mecklenburg Schwerin & Oldenburg,Mecklenburg Schwerin
1363,Hanover & Mecklenburg Schwerin & Oldenburg,Oldenburg
1364,Hanover & Mecklenburg Schwerin & Prussia,Hanover
1365,Hanover & Mecklenburg Schwerin & Prussia,Mecklenburg Schwerin
1366,Hanover & Mecklenburg Schwerin & Prussia,Prussia
1367,Hanover & Oldenburg,Hanover
1368,Hanover & Oldenburg,Oldenburg
1369,Hanover & Prussia,Hanover
1370,Hanover & Prussia,Prussia
1371,Hanse Towns & Mecklenburg Schwerin & Oldenburg,Hanse Towns
1372,Hanse Towns & Mecklenburg Schwerin & Oldenburg,Mecklenburg Schwerin
1373,Hanse Towns & Mecklenburg Schwerin & Oldenburg,Oldenburg
1374,Hanse Towns & Netherlands,Hanse Towns
1375,Hanse Towns & Netherlands,Netherlands
1376,Hanse Towns & Prussia,Hanse Towns
1377,Hanse Towns & Prussia,Prussia
1378,Hawaii (Sandwich Is.) & Puerto Rico & United States of America,Hawaii (Sandwich Is.)
1379,Hawaii (Sandwich Is.) & Puerto Rico & United States of America,Puerto Rico
1380,Hawaii (Sandwich Is.) & Puerto Rico & United States of America,United States of America
1381,Hawaii (Sandwich Is.) & Samoa,Hawaii (Sandwich Is.)
1382,Hawaii (Sandwich Is.) & Samoa,Samoa
1383,Hawaii (Sandwich Is.) & United States of America,Hawaii (Sandwich Is.)
1384,Hawaii (Sandwich Is.) & United States of America,United States of America
1385,Hejaz Sultanate & Turkey (Ottoman Empire) (other),Hejaz Sultanate
1386,Hejaz Sultanate & Turkey (Ottoman Empire) (other),Turkey (Ottoman Empire) (other)
1387,Heligoland & United Kingdom,Heligoland
1388,Heligoland & United Kingdom,United Kingdom
1389,Holstein & Schleswig,Holstein
1390,Holstein & Schleswig,Schleswig
1391,Honduras & Mexico (East),Honduras
1392,Honduras & Mexico (East),Mexico (East)
1393,Honduras & Panama,Honduras
1394,Honduras & Panama,Panama
1395,Hong Kong & India,Hong Kong
1396,Hong Kong & India,India
1397,Hong Kong & Kiauchau & People's Republic of China (China),Hong Kong
1398,Hong Kong & Kiauchau & People's Republic of China (China),Kiauchau
1399,Hong Kong & Kiauchau & People's Republic of China (China),People's Republic of China (China)
1400,Hong Kong & People's Republic of China (China),Hong Kong
1401,Hong Kong & People's Republic of China (China),People's Republic of China (China)
1402,Hong Kong & People's Republic of China (China) & Singapore,Hong Kong
1403,Hong Kong & People's Republic of China (China) & Singapore,People's Republic of China (China)
1404,Hong Kong & People's Republic of China (China) & Singapore,Singapore
1405,Inagua & Nassau (Bahamas) & Turks and Caicos Is.,Inagua
1406,Inagua & Nassau (Bahamas) & Turks and Caicos Is.,Nassau (Bahamas)
1407,Inagua & Nassau (Bahamas) & Turks and Caicos Is.,Turks and Caicos Is.
1408,India & Japan & People's Republic of China (China),India
1409,India & Japan & People's Republic of China (China),Japan
1410,India & Japan & People's Republic of China (China),People's Republic of China (China)
1411,India & Malaysia (British Malaya),India
1412,India & Malaysia (British Malaya),Malaysia (British Malaya)
1413,India & Malaysia (British Malaya) & Sri Lanka (Ceylon),India
1414,India & Malaysia (British Malaya) & Sri Lanka (Ceylon),Malaysia (British Malaya)
1415,India & Malaysia (British Malaya) & Sri Lanka (Ceylon),Sri Lanka (Ceylon)
1416,India & Mauritius,India
1417,India & Mauritius,Mauritius
1418,India & Myanmar (Burma),India
1419,India & Myanmar (Burma),Myanmar (Burma)
1420,India & Myanmar (Burma) & Sri Lanka (Ceylon),India
1421,India & Myanmar (Burma) & Sri Lanka (Ceylon),Myanmar (Burma)
1422,India & Myanmar (Burma) & Sri Lanka (Ceylon),Sri Lanka (Ceylon)
1423,India & Myanmar (Burma) & Straits Settlements,India
1424,India & Myanmar (Burma) & Straits Settlements,Myanmar (Burma)
1425,India & Myanmar (Burma) & Straits Settlements,Straits Settlements
1426,India & New South Wales & United Kingdom,India
1427,India & New South Wales & United Kingdom,New South Wales
1428,India & New South Wales & United Kingdom,United Kingdom
1429,India & Pacific Islands & People's Republic of China (China),India
1430,India & Pacific Islands & People's Republic of China (China),Pacific Islands
1431,India & Pacific Islands & People's Republic of China (China),People's Republic of China (China)
1432,India & People's Republic of China (China),India
1433,India & People's Republic of China (China),People's Republic of China (China)
1434,India & People's Republic of China (China) & Singapore,India
1435,India & People's Republic of China (China) & Singapore,People's Republic of China (China)
1436,India & People's Republic of China (China) & Singapore,Singapore
1437,India & Pondicherry,India
1438,India & Pondicherry,Pondicherry
1439,India & Sri Lanka (Ceylon),India
1440,India & Sri Lanka (Ceylon),Sri Lanka (Ceylon)
1441,India & Straits Settlements,India
1442,India & Straits Settlements,Straits Settlements
1443,Indian Ocean Islands (other) & Java & Sumatra,Indian Ocean Islands (other)
1444,Indian Ocean Islands (other) & Java & Sumatra,Java
1445,Indian Ocean Islands (other) & Java & Sumatra,Sumatra
1446,Indonesia (Dutch East Indies) (other) & Java,Indonesia (Dutch East Indies) (other)
1447,Indonesia (Dutch East Indies) (other) & Java,Java
1448,Indonesia (Dutch East Indies) (other) & Java & Sumatra,Indonesia (Dutch East Indies) (other)
1449,Indonesia (Dutch East Indies) (other) & Java & Sumatra,Java
1450,Indonesia (Dutch East Indies) (other) & Java & Sumatra,Sumatra
1451,Indonesia (Dutch East Indies) & Netherlands Antilles,Indonesia (Dutch East Indies)
1452,Indonesia (Dutch East Indies) & Netherlands Antilles,Netherlands Antilles
1453,Indonesia (Dutch East Indies) & Philippines,Indonesia (Dutch East Indies)
1454,Indonesia (Dutch East Indies) & Philippines,Philippines
1455,Ionian Is. & Malta,Ionian Is.
1456,Ionian Is. & Malta,Malta
1457,Ionian Is. & Malta & United Kingdom,Ionian Is.
1458,Ionian Is. & Malta & United Kingdom,Malta
1459,Ionian Is. & Malta & United Kingdom,United Kingdom
1460,Ionian Is. & Morea,Ionian Is.
1461,Ionian Is. & Morea,Morea
1462,Ionian Is. & Republic of St. Mark & Trieste,Ionian Is.
1463,Ionian Is. & Republic of St. Mark & Trieste,Republic of St. Mark
1464,Ionian Is. & Republic of St. Mark & Trieste,Trieste
1465,Ionian Is. & United Kingdom,Ionian Is.
1466,Ionian Is. & United Kingdom,United Kingdom
1467,Iran (Persia) & Iraq (Mesopotamia),Iran (Persia)
1468,Iran (Persia) & Iraq (Mesopotamia),Iraq (Mesopotamia)
1469,Iran (Persia) & Western Anatolia,Iran (Persia)
1470,Iran (Persia) & Western Anatolia,Western Anatolia
1471,Iraq (Mesopotamia) & Kuwait,Iraq (Mesopotamia)
1472,Iraq (Mesopotamia) & Kuwait,Kuwait
1473,Ireland & United Kingdom,Ireland
1474,Ireland & United Kingdom,United Kingdom
1475,Istanbul (Constantinople) & Izmir (Smyrna),Istanbul (Constantinople)
1476,Istanbul (Constantinople) & Izmir (Smyrna),Izmir (Smyrna)
1477,Istanbul (Constantinople) & Turkey (Ottoman Empire) (other),Istanbul (Constantinople)
1478,Istanbul (Constantinople) & Turkey (Ottoman Empire) (other),Turkey (Ottoman Empire) (other)
1479,Italian Colonies & Italy,Italian Colonies
1480,Italian Colonies & Italy,Italy
1481,Italy & Malta,Italy
1482,Italy & Malta,Malta
1483,Italy & Sardinia,Italy
1484,Italy & Sardinia,Sardinia
1485,Italy & Sicily,Italy
1486,Italy & Sicily,Sicily
1487,Jakarta (Batavia) & Java & Sumatra,Jakarta (Batavia)
1488,Jakarta (Batavia) & Java & Sumatra,Java
1489,Jakarta (Batavia) & Java & Sumatra,Sumatra
1490,Jakarta (Batavia) & People's Republic of China (China),Jakarta (Batavia)
1491,Jakarta (Batavia) & People's Republic of China (China),People's Republic of China (China)
1492,Jakarta (Batavia) & Singapore,Jakarta (Batavia)
1493,Jakarta (Batavia) & Singapore,Singapore
1494,Japan & Japanese China & Republic of China (Taiwan) (Formosa),Japan
1495,Japan & Japanese China & Republic of China (Taiwan) (Formosa),Japanese China
1496,Japan & Japanese China & Republic of China (Taiwan) (Formosa),Republic of China (Taiwan) (Formosa)
1497,Japan & Korea (Chosen),Japan
1498,Japan & Korea (Chosen),Korea (Chosen)
1499,Japan & Korea (Chosen) & Republic of China (Taiwan) (Formosa),Japan
1500,Japan & Korea (Chosen) & Republic of China (Taiwan) (Formosa),Korea (Chosen)
1501,Japan & Korea (Chosen) & Republic of China (Taiwan) (Formosa),Republic of China (Taiwan) (Formosa)
1502,Japan & Kwangtung Territory & Republic of China (Taiwan) (Formosa),Japan
1503,Japan & Kwangtung Territory & Republic of China (Taiwan) (Formosa),Kwangtung Territory
1504,Japan & Kwangtung Territory & Republic of China (Taiwan) (Formosa),Republic of China (Taiwan) (Formosa)
1505,Japan & People's Republic of China (China),Japan
1506,Japan & People's Republic of China (China),People's Republic of China (China)
1507,Japan & People's Republic of China (China) & Thailand (Siam),Japan
1508,Japan & People's Republic of China (China) & Thailand (Siam),People's Republic of China (China)
1509,Japan & People's Republic of China (China) & Thailand (Siam),Thailand (Siam)
1510,Japan & Republic of China (Taiwan) (Formosa),Japan
1511,Japan & Republic of China (Taiwan) (Formosa),Republic of China (Taiwan) (Formosa)
1512,Japan & Southern Sakhalin I.,Japan
1513,Japan & Southern Sakhalin I.,Southern Sakhalin I.
1514,Java & Madura,Java
1515,Java & Madura,Madura
1516,Java & Maluku (Mollucas),Java
1517,Java & Maluku (Mollucas),Maluku (Mollucas)
1518,Java & Sumatra,Java
1519,Java & Sumatra,Sumatra
1520,Java & Sumatra & Sulawesi (Celebes),Java
1521,Java & Sumatra & Sulawesi (Celebes),Sumatra
1522,Java & Sumatra & Sulawesi (Celebes),Sulawesi (Celebes)
1523,Jebel Druze & Latakia (Alaouites) & Lebanon & Syria,Jebel Druze
1524,Jebel Druze & Latakia (Alaouites) & Lebanon & Syria,Latakia (Alaouites)
1525,Jebel Druze & Latakia (Alaouites) & Lebanon & Syria,Lebanon
1526,Jebel Druze & Latakia (Alaouites) & Lebanon & Syria,Syria
1527,Johore & Kedah & Kelantan & Perlis & Trengganu,Johore
1528,Johore & Kedah & Kelantan & Perlis & Trengganu,Kedah
1529,Johore & Kedah & Kelantan & Perlis & Trengganu,Kelantan
1530,Johore & Kedah & Kelantan & Perlis & Trengganu,Perlis
1531,Johore & Kedah & Kelantan & Perlis & Trengganu,Trengganu
1532,Jordan (Transjordan) & Palestine,Jordan (Transjordan)
1533,Jordan (Transjordan) & Palestine,Palestine
1534,Karachi & Kolkata (Calcutta) & Mumbai (Bombay),Karachi
1535,Karachi & Kolkata (Calcutta) & Mumbai (Bombay),Kolkata (Calcutta)
1536,Karachi & Kolkata (Calcutta) & Mumbai (Bombay),Mumbai (Bombay)
1537,Karachi & Mumbai (Bombay),Karachi
1538,Karachi & Mumbai (Bombay),Mumbai (Bombay)
1539,Kenya (British East Africa Protectorate) & Malawi (Nyasaland) (British Central Africa Protectorate),Kenya (British East Africa Protectorate)
1540,Kenya (British East Africa Protectorate) & Malawi (Nyasaland) (British Central Africa Protectorate),Malawi (Nyasaland) (British Central Africa Protectorate)
1541,Kenya (British East Africa Protectorate) & Pemba Island & Zanzibar,Kenya (British East Africa Protectorate)
1542,Kenya (British East Africa Protectorate) & Pemba Island & Zanzibar,Pemba Island
1543,Kenya (British East Africa Protectorate) & Pemba Island & Zanzibar,Zanzibar
1544,Kenya (British East Africa Protectorate) & Tanzania (Tanganyika) & Uganda,Kenya (British East Africa Protectorate)
1545,Kenya (British East Africa Protectorate) & Tanzania (Tanganyika) & Uganda,Tanzania (Tanganyika)
1546,Kenya (British East Africa Protectorate) & Tanzania (Tanganyika) & Uganda,Uganda
1547,Kenya (British East Africa Protectorate) & Uganda,Kenya (British East Africa Protectorate)
1548,Kenya (British East Africa Protectorate) & Uganda,Uganda
1549,Kenya (British East Africa Protectorate) & Zanzibar,Kenya (British East Africa Protectorate)
1550,Kenya (British East Africa Protectorate) & Zanzibar,Zanzibar
1551,Kerguelen Is. & Madagascar (Malagasy Republic),Kerguelen Is.
1552,Kerguelen Is. & Madagascar (Malagasy Republic),Madagascar (Malagasy Republic)
1553,Kingdom of Sardinia & Monaco,Kingdom of Sardinia
1554,Kingdom of Sardinia & Monaco,Monaco
1555,Kingdom of Sardinia & Papal States & Tuscany & Two Sicilies,Kingdom of Sardinia
1556,Kingdom of Sardinia & Papal States & Tuscany & Two Sicilies,Papal States
1557,Kingdom of Sardinia & Papal States & Tuscany & Two Sicilies,Tuscany
1558,Kingdom of Sardinia & Papal States & Tuscany & Two Sicilies,Two Sicilies
1559,Kingdom of Sardinia & Papal States & Two Sicilies,Kingdom of Sardinia
1560,Kingdom of Sardinia & Papal States & Two Sicilies,Papal States
1561,Kingdom of Sardinia & Papal States & Two Sicilies,Two Sicilies
1562,Kingdom of Sardinia & Tuscany,Kingdom of Sardinia
1563,Kingdom of Sardinia & Tuscany,Tuscany
1564,Kingdom of Sardinia & Tuscany & Two Sicilies,Kingdom of Sardinia
1565,Kingdom of Sardinia & Tuscany & Two Sicilies,Tuscany
1566,Kingdom of Sardinia & Tuscany & Two Sicilies,Two Sicilies
1567,Kingdom of Sardinia & Two Sicilies,Kingdom of Sardinia
1568,Kingdom of Sardinia & Two Sicilies,Two Sicilies
1569,Kingdom of Serbia & Montenegro,Kingdom of Serbia
1570,Kingdom of Serbia & Montenegro,Montenegro
1571,Kingdom of Serbia & Montenegro & Romania,Kingdom of Serbia
1572,Kingdom of Serbia & Montenegro & Romania,Montenegro
1573,Kingdom of Serbia & Montenegro & Romania,Romania
1574,Kniphausen & Oldenburg,Kniphausen
1575,Kniphausen & Oldenburg,Oldenburg
1576,Kolkata (Calcutta) & Sri Lanka (Ceylon),Kolkata (Calcutta)
1577,Kolkata (Calcutta) & Sri Lanka (Ceylon),Sri Lanka (Ceylon)
1578,Koszalin & Stralsund & Szczecin,Koszalin
1579,Koszalin & Stralsund & Szczecin,Stralsund
1580,Koszalin & Stralsund & Szczecin,Szczecin
1581,Kuwait & Oman (Sultanate of Muscat and Oman) & United Arab Emirates (Trucial Oman),Kuwait
1582,Kuwait & Oman (Sultanate of Muscat and Oman) & United Arab Emirates (Trucial Oman),Oman (Sultanate of Muscat and Oman)
1583,Kuwait & Oman (Sultanate of Muscat and Oman) & United Arab Emirates (Trucial Oman),United Arab Emirates (Trucial Oman)
1584,Kwangtung Territory & Manchukuo,Kwangtung Territory
1585,Kwangtung Territory & Manchukuo,Manchukuo
1586,Labuan I. & Straits Settlements,Labuan I.
1587,Labuan I. & Straits Settlements,Straits Settlements
1588,Latakia (Alaouites) & Tripoli (Syria),Latakia (Alaouites)
1589,Latakia (Alaouites) & Tripoli (Syria),Tripoli (Syria)
1590,Latvia & Lithuania,Latvia
1591,Latvia & Lithuania,Lithuania
1592,Holstein & Saxe Lauenburg & Schleswig,Holstein
1593,Holstein & Saxe Lauenburg & Schleswig,Saxe Lauenburg
1594,Holstein & Saxe Lauenburg & Schleswig,Schleswig
1595,Lebanon & Syria,Lebanon
1596,Lebanon & Syria,Syria
1597,Levant & Turkey (Ottoman Empire),Levant
1598,Levant & Turkey (Ottoman Empire),Turkey (Ottoman Empire)
1599,Libya & Tunisia (Regency of Tunis),Libya
1600,Libya & Tunisia (Regency of Tunis),Tunisia (Regency of Tunis)
1601,Lingga Is. & Riau,Lingga Is.
1602,Lingga Is. & Riau,Riau
1603,Lisbon & Porto,Lisbon
1604,Lisbon & Porto,Porto
1605,Lithuania & Memel,Lithuania
1606,Lithuania & Memel,Memel
1607,Lübeck & Mecklenburg Schwerin & World (other),Lübeck
1608,Lübeck & Mecklenburg Schwerin & World (other),Mecklenburg Schwerin
1609,Lübeck & Mecklenburg Schwerin & World (other),World (other)
1610,Lucca & Modena & Papal States & Parma & Tuscany,Lucca
1611,Lucca & Modena & Papal States & Parma & Tuscany,Modena
1612,Lucca & Modena & Papal States & Parma & Tuscany,Papal States
1613,Lucca & Modena & Papal States & Parma & Tuscany,Parma
1614,Lucca & Modena & Papal States & Parma & Tuscany,Tuscany
1615,Lucca & Monaco & Papal States,Lucca
1616,Lucca & Monaco & Papal States,Monaco
1617,Lucca & Monaco & Papal States,Papal States
1618,Lucca & Papal States,Lucca
1619,Lucca & Papal States,Papal States
1620,Lucca & Tuscany,Lucca
1621,Lucca & Tuscany,Tuscany
1622,Macao & People's Republic of China (China),Macao
1623,Macao & People's Republic of China (China),People's Republic of China (China)
1624,Madagascar (Malagasy Republic) & Mayotte,Madagascar (Malagasy Republic)
1625,Madagascar (Malagasy Republic) & Mayotte,Mayotte
1626,Madagascar (Malagasy Republic) & Mauritius & Reunion (Bourbon I.),Madagascar (Malagasy Republic)
1627,Madagascar (Malagasy Republic) & Mauritius & Reunion (Bourbon I.),Mauritius
1628,Madagascar (Malagasy Republic) & Mauritius & Reunion (Bourbon I.),Reunion (Bourbon I.)
1629,Madagascar (Malagasy Republic) & Mayotte & Nossi Be,Madagascar (Malagasy Republic)
1630,Madagascar (Malagasy Republic) & Mayotte & Nossi Be,Mayotte
1631,Madagascar (Malagasy Republic) & Mayotte & Nossi Be,Nossi Be
1632,Madagascar (Malagasy Republic) & Mayotte & Nossi Be & St. Marie de Madagascar,Madagascar (Malagasy Republic)
1633,Madagascar (Malagasy Republic) & Mayotte & Nossi Be & St. Marie de Madagascar,Mayotte
1634,Madagascar (Malagasy Republic) & Mayotte & Nossi Be & St. Marie de Madagascar,Nossi Be
1635,Madagascar (Malagasy Republic) & Mayotte & Nossi Be & St. Marie de Madagascar,St. Marie de Madagascar
1636,Madagascar (Malagasy Republic) & Reunion (Bourbon I.),Madagascar (Malagasy Republic)
1637,Madagascar (Malagasy Republic) & Reunion (Bourbon I.),Reunion (Bourbon I.)
1638,Madeira Isles & Portugal,Madeira Isles
1639,Madeira Isles & Portugal,Portugal
1640,Madeira Isles & Portuguese Africa,Madeira Isles
1641,Madeira Isles & Portuguese Africa,Portuguese Africa
1642,Madeira Isles & Tenerife,Madeira Isles
1643,Madeira Isles & Tenerife,Tenerife
1644,Makran & Sonmiani,Makran
1645,Makran & Sonmiani,Sonmiani
1646,Malabar Coast & Mumbai (Bombay),Malabar Coast
1647,Malabar Coast & Mumbai (Bombay),Mumbai (Bombay)
1648,Malacca & Myanmar (Burma) & Singapore,Malacca
1649,Malacca & Myanmar (Burma) & Singapore,Myanmar (Burma)
1650,Malacca & Myanmar (Burma) & Singapore,Singapore
1651,Malacca & Penang,Malacca
1652,Malacca & Penang,Penang
1653,Malacca & Penang & Singapore,Malacca
1654,Malacca & Penang & Singapore,Penang
1655,Malacca & Penang & Singapore,Singapore
1656,Malacca & Singapore,Malacca
1657,Malacca & Singapore,Singapore
1658,Malawi (Nyasaland) (British Central Africa Protectorate) & Straits Settlements,Malawi (Nyasaland) (British Central Africa Protectorate)
1659,Malawi (Nyasaland) (British Central Africa Protectorate) & Straits Settlements,Straits Settlements
1660,Malaysia (British Malaya) & Sarawak,Malaysia (British Malaya)
1661,Malaysia (British Malaya) & Sarawak,Sarawak
1662,Malaysia (British Malaya) & Straits Settlements,Malaysia (British Malaya)
1663,Malaysia (British Malaya) & Straits Settlements,Straits Settlements
1664,Malaysia (British Malaya) & Sumatra,Malaysia (British Malaya)
1665,Malaysia (British Malaya) & Sumatra,Sumatra
1666,Mali (French Sudan) (Upper Senegal and Niger) & Senegal,Mali (French Sudan) (Upper Senegal and Niger)
1667,Mali (French Sudan) (Upper Senegal and Niger) & Senegal,Senegal
1668,Malta & Two Sicilies,Malta
1669,Malta & Two Sicilies,Two Sicilies
1670,Malta & United Kingdom,Malta
1671,Malta & United Kingdom,United Kingdom
1672,Maluku (Mollucas) & Sulawesi (Celebes),Maluku (Mollucas)
1673,Maluku (Mollucas) & Sulawesi (Celebes),Sulawesi (Celebes)
1674,Maluku (Mollucas) & Sunda Islands,Maluku (Mollucas)
1675,Maluku (Mollucas) & Sunda Islands,Sunda Islands
1676,Manchukuo & Mongolia & People's Republic of China (China) & Tibet,Manchukuo
1677,Manchukuo & Mongolia & People's Republic of China (China) & Tibet,Mongolia
1678,Manchukuo & Mongolia & People's Republic of China (China) & Tibet,People's Republic of China (China)
1679,Manchukuo & Mongolia & People's Republic of China (China) & Tibet,Tibet
1680,Manchuria & Mongolia & People's Republic of China (China),Manchuria
1681,Manchuria & Mongolia & People's Republic of China (China),Mongolia
1682,Manchuria & Mongolia & People's Republic of China (China),People's Republic of China (China)
1683,Manchuria & People's Republic of China (China),Manchuria
1684,Manchuria & People's Republic of China (China),People's Republic of China (China)
1685,Manitoba & North-Western Territory & Ontario (Upper Canada) & Quebec (Lower Canada) & Rupert's Land,Manitoba
1686,Manitoba & North-Western Territory & Ontario (Upper Canada) & Quebec (Lower Canada) & Rupert's Land,North-Western Territory
1687,Manitoba & North-Western Territory & Ontario (Upper Canada) & Quebec (Lower Canada) & Rupert's Land,Ontario (Upper Canada)
1688,Manitoba & North-Western Territory & Ontario (Upper Canada) & Quebec (Lower Canada) & Rupert's Land,Quebec (Lower Canada)
1689,Manitoba & North-Western Territory & Ontario (Upper Canada) & Quebec (Lower Canada) & Rupert's Land,Rupert's Land
1690,Manitoba & Northwest Territories & Ontario (Upper Canada) & Quebec (Lower Canada),Manitoba
1691,Manitoba & Northwest Territories & Ontario (Upper Canada) & Quebec (Lower Canada),Northwest Territories
1692,Manitoba & Northwest Territories & Ontario (Upper Canada) & Quebec (Lower Canada),Ontario (Upper Canada)
1693,Manitoba & Northwest Territories & Ontario (Upper Canada) & Quebec (Lower Canada),Quebec (Lower Canada)
1694,Mariana Is. & Philippines,Mariana Is.
1695,Mariana Is. & Philippines,Philippines
1696,Marshall Is. & Samoa,Marshall Is.
1697,Marshall Is. & Samoa,Samoa
1698,Mauritius & Seychelles,Mauritius
1699,Mauritius & Seychelles,Seychelles
1700,Mauritius & Reunion (Bourbon I.),Mauritius
1701,Mauritius & Reunion (Bourbon I.),Reunion (Bourbon I.)
1702,Mauritius & Reunion (Bourbon I.) & West Indies,Mauritius
1703,Mauritius & Reunion (Bourbon I.) & West Indies,Reunion (Bourbon I.)
1704,Mauritius & Reunion (Bourbon I.) & West Indies,West Indies
1705,Mauritius & South Africa,Mauritius
1706,Mauritius & South Africa,South Africa
1707,Mawlamyine & Rangoon,Mawlamyine
1708,Mawlamyine & Rangoon,Rangoon
1709,Mayotte & Nossi Be,Mayotte
1710,Mayotte & Nossi Be,Nossi Be
1711,Mayotte & Nossi Be & St. Marie de Madagascar,Mayotte
1712,Mayotte & Nossi Be & St. Marie de Madagascar,Nossi Be
1713,Mayotte & Nossi Be & St. Marie de Madagascar,St. Marie de Madagascar
1714,Mecklenburg Schwerin & Lübeck,Mecklenburg Schwerin
1715,Mecklenburg Schwerin & Lübeck,Lübeck
1716,Mecklenburg Schwerin & Oldenburg,Mecklenburg Schwerin
1717,Mecklenburg Schwerin & Oldenburg,Oldenburg
1718,Mexico & Northern America (other),Mexico
1719,Mexico & Northern America (other),Northern America (other)
1720,Mexico & Texas,Mexico
1721,Mexico & Texas,Texas
1722,Mexico & Venezuela,Mexico
1723,Mexico & Venezuela,Venezuela
1724,Mexico & West Indies,Mexico
1725,Mexico & West Indies,West Indies
1726,Milan & Papal States & Tuscany,Milan
1727,Milan & Papal States & Tuscany,Papal States
1728,Milan & Papal States & Tuscany,Tuscany
1729,Modena & Monaco & Parma & Tuscany,Modena
1730,Modena & Monaco & Parma & Tuscany,Monaco
1731,Modena & Monaco & Parma & Tuscany,Parma
1732,Modena & Monaco & Parma & Tuscany,Tuscany
1733,Modena & Parma & Tuscany,Modena
1734,Modena & Parma & Tuscany,Parma
1735,Modena & Parma & Tuscany,Tuscany
1736,Moldavia & Wallachia,Moldavia
1737,Moldavia & Wallachia,Wallachia
1738,Mongolia & People's Republic of China (China),Mongolia
1739,Mongolia & People's Republic of China (China),People's Republic of China (China)
1740,Mongolia & People's Republic of China (China) & Tibet,Mongolia
1741,Mongolia & People's Republic of China (China) & Tibet,People's Republic of China (China)
1742,Mongolia & People's Republic of China (China) & Tibet,Tibet
1743,Montenegro & Turkey (Ottoman Empire),Montenegro
1744,Montenegro & Turkey (Ottoman Empire),Turkey (Ottoman Empire)
1745,Morant Cays & Pedro Bank,Morant Cays
1746,Morant Cays & Pedro Bank,Pedro Bank
1747,Morocco & Tangier,Morocco
1748,Morocco & Tangier,Tangier
1749,Morocco & Tripolitania (Regency of Tripoli),Morocco
1750,Morocco & Tripolitania (Regency of Tripoli),Tripolitania (Regency of Tripoli)
1751,Morocco & Tripolitania (Regency of Tripoli) & Tunisia (Regency of Tunis),Morocco
1752,Morocco & Tripolitania (Regency of Tripoli) & Tunisia (Regency of Tunis),Tripolitania (Regency of Tripoli)
1753,Morocco & Tripolitania (Regency of Tripoli) & Tunisia (Regency of Tunis),Tunisia (Regency of Tunis)
1754,Morocco & Tunisia (Regency of Tunis),Morocco
1755,Morocco & Tunisia (Regency of Tunis),Tunisia (Regency of Tunis)
1756,Mozambique (Portuguese East Africa) & Portugal,Mozambique (Portuguese East Africa)
1757,Mozambique (Portuguese East Africa) & Portugal,Portugal
1758,Mozambique (Portuguese East Africa) & Zambia (Northern Rhodesia),Mozambique (Portuguese East Africa)
1759,Mozambique (Portuguese East Africa) & Zambia (Northern Rhodesia),Zambia (Northern Rhodesia)
1760,Mozambique (Portuguese East Africa) & Zanzibar,Mozambique (Portuguese East Africa)
1761,Mozambique (Portuguese East Africa) & Zanzibar,Zanzibar
1762,Mumbai (Bombay) & Sindh,Mumbai (Bombay)
1763,Mumbai (Bombay) & Sindh,Sindh
1764,Myanmar (Burma) & Straits Settlements,Myanmar (Burma)
1765,Myanmar (Burma) & Straits Settlements,Straits Settlements
1766,Myanmar (Burma) & Thailand (Siam),Myanmar (Burma)
1767,Myanmar (Burma) & Thailand (Siam),Thailand (Siam)
1768,Namibia (South West Africa) (German South West Africa) & South Africa,Namibia (South West Africa) (German South West Africa)
1769,Namibia (South West Africa) (German South West Africa) & South Africa,South Africa
1770,Namibia (South West Africa) (German South West Africa) & Zambia (Northern Rhodesia) & Zimbabwe (Rhodesia) (Southern Rhodesia),Namibia (South West Africa) (German South West Africa)
1771,Namibia (South West Africa) (German South West Africa) & Zambia (Northern Rhodesia) & Zimbabwe (Rhodesia) (Southern Rhodesia),Zambia (Northern Rhodesia)
1772,Namibia (South West Africa) (German South West Africa) & Zambia (Northern Rhodesia) & Zimbabwe (Rhodesia) (Southern Rhodesia),Zimbabwe (Rhodesia) (Southern Rhodesia)
1773,Naples & Sicily,Naples
1774,Naples & Sicily,Sicily
1775,Nauru & New Zealand & Samoa (Western Samoa) (German Samoa),Nauru
1776,Nauru & New Zealand & Samoa (Western Samoa) (German Samoa),New Zealand
1777,Nauru & New Zealand & Samoa (Western Samoa) (German Samoa),Samoa (Western Samoa) (German Samoa)
1778,Nauru & Samoa (Western Samoa) (German Samoa),Nauru
1779,Nauru & Samoa (Western Samoa) (German Samoa),Samoa (Western Samoa) (German Samoa)
1780,Negeri Sembilan & Rembau,Negeri Sembilan
1781,Negeri Sembilan & Rembau,Rembau
1782,Netherlands Antilles & Surinam (Dutch Guiana),Netherlands Antilles
1783,Netherlands Antilles & Surinam (Dutch Guiana),Surinam (Dutch Guiana)
1784,Netherlands Antilles & West Irian (Dutch New Guinea),Netherlands Antilles
1785,Netherlands Antilles & West Irian (Dutch New Guinea),West Irian (Dutch New Guinea)
1786,New Brunswick & Nova Scotia,New Brunswick
1787,New Brunswick & Nova Scotia,Nova Scotia
1788,New Brunswick & Nova Scotia & Ontario (Upper Canada) & Prince Edward Is. & Quebec (Lower Canada),New Brunswick
1789,New Brunswick & Nova Scotia & Ontario (Upper Canada) & Prince Edward Is. & Quebec (Lower Canada),Nova Scotia
1790,New Brunswick & Nova Scotia & Ontario (Upper Canada) & Prince Edward Is. & Quebec (Lower Canada),Ontario (Upper Canada)
1791,New Brunswick & Nova Scotia & Ontario (Upper Canada) & Prince Edward Is. & Quebec (Lower Canada),Prince Edward Is.
1792,New Brunswick & Nova Scotia & Ontario (Upper Canada) & Prince Edward Is. & Quebec (Lower Canada),Quebec (Lower Canada)
1793,New Brunswick & Nova Scotia & Prince Edward Is.,New Brunswick
1794,New Brunswick & Nova Scotia & Prince Edward Is.,Nova Scotia
1795,New Brunswick & Nova Scotia & Prince Edward Is.,Prince Edward Is.
1796,New Guinea (German New Guinea) (Kaiser Wilhelmsland) & Nauru & Samoa (Western Samoa) (German Samoa),New Guinea (German New Guinea) (Kaiser Wilhelmsland)
1797,New Guinea (German New Guinea) (Kaiser Wilhelmsland) & Nauru & Samoa (Western Samoa) (German Samoa),Nauru
1798,New Guinea (German New Guinea) (Kaiser Wilhelmsland) & Nauru & Samoa (Western Samoa) (German Samoa),Samoa (Western Samoa) (German Samoa)
1799,New South Wales & Queensland,New South Wales
1800,New South Wales & Queensland,Queensland
1801,New South Wales & South Australia & Tasmania & Victoria,New South Wales
1802,New South Wales & South Australia & Tasmania & Victoria,South Australia
1803,New South Wales & South Australia & Tasmania & Victoria,Tasmania
1804,New South Wales & South Australia & Tasmania & Victoria,Victoria
1805,New South Wales & Tasmania,New South Wales
1806,New South Wales & Tasmania,Tasmania
1807,New South Wales & Western Australia,New South Wales
1808,New South Wales & Western Australia,Western Australia
1809,New Zealand & Pacific Islands,New Zealand
1810,New Zealand & Pacific Islands,Pacific Islands
1811,Newfoundland and Labrador (Newfoundland) & Prince Edward Is.,Newfoundland and Labrador (Newfoundland)
1812,Newfoundland and Labrador (Newfoundland) & Prince Edward Is.,Prince Edward Is.
1813,North Germany & Prussia,North Germany
1814,North Germany & Prussia,Prussia
1815,Northern America & Southern America,Northern America
1816,Northern America & Southern America,Southern America
1817,Norway & Spain & Sweden & Switzerland & United States of America,Norway
1818,Norway & Spain & Sweden & Switzerland & United States of America,Spain
1819,Norway & Spain & Sweden & Switzerland & United States of America,Sweden
1820,Norway & Spain & Sweden & Switzerland & United States of America,Switzerland
1821,Norway & Spain & Sweden & Switzerland & United States of America,United States of America
1822,Norway & Sweden,Norway
1823,Norway & Sweden,Sweden
1824,Obock & Tadjoura,Obock
1825,Obock & Tadjoura,Tadjoura
1826,Oldenburg & Prussia,Oldenburg
1827,Oldenburg & Prussia,Prussia
1828,Oldenburg & Wilhelmshaven,Oldenburg
1829,Oldenburg & Wilhelmshaven,Wilhelmshaven
1830,Oman (Sultanate of Muscat and Oman) & United Arab Emirates (Trucial Oman),Oman (Sultanate of Muscat and Oman)
1831,Oman (Sultanate of Muscat and Oman) & United Arab Emirates (Trucial Oman),United Arab Emirates (Trucial Oman)
1832,Oman (Sultanate of Muscat and Oman) & Zanzibar,Oman (Sultanate of Muscat and Oman)
1833,Oman (Sultanate of Muscat and Oman) & Zanzibar,Zanzibar
1834,Ontario (Upper Canada) & Quebec (Lower Canada),Ontario (Upper Canada)
1835,Ontario (Upper Canada) & Quebec (Lower Canada),Quebec (Lower Canada)
1836,Pacific Islands & Peru,Pacific Islands
1837,Pacific Islands & Peru,Peru
1838,Pacific Islands & Vanuatu (New Hebrides),Pacific Islands
1839,Pacific Islands & Vanuatu (New Hebrides),Vanuatu (New Hebrides)
1840,Palestine & Syria,Palestine
1841,Palestine & Syria,Syria
1842,Panama & Panama Canal Zone,Panama
1843,Panama & Panama Canal Zone,Panama Canal Zone
1844,Papal States & Tuscany,Papal States
1845,Papal States & Tuscany,Tuscany
1846,Paraguay & Uruguay,Paraguay
1847,Paraguay & Uruguay,Uruguay
1848,Parma & Piacenza & World (other),Parma
1849,Parma & Piacenza & World (other),Piacenza
1850,Parma & Piacenza & World (other),World (other)
1851,Patras & Pylos,Patras
1852,Patras & Pylos,Pylos
1853,Pays de Gex & Savoy,Pays de Gex
1854,Pays de Gex & Savoy,Savoy
1855,Pemba Island & Zanzibar,Pemba Island
1856,Pemba Island & Zanzibar,Zanzibar
1857,Penang & Singapore,Penang
1858,Penang & Singapore,Singapore
1859,People's Republic of China (China) & East Indies & Pacific Islands,People's Republic of China (China)
1860,People's Republic of China (China) & East Indies & Pacific Islands,East Indies
1861,People's Republic of China (China) & East Indies & Pacific Islands,Pacific Islands
1862,People's Republic of China (China) & Philippines,People's Republic of China (China)
1863,People's Republic of China (China) & Philippines,Philippines
1864,People's Republic of China (China) & Philippines & Thailand (Siam),People's Republic of China (China)
1865,People's Republic of China (China) & Philippines & Thailand (Siam),Philippines
1866,People's Republic of China (China) & Philippines & Thailand (Siam),Thailand (Siam)
1867,Perak & Selangore,Perak
1868,Perak & Selangore,Selangore
1869,Philippines & Sulu Sultanate,Philippines
1870,Philippines & Sulu Sultanate,Sulu Sultanate
1871,Phuket Province & Thailand (Siam),Phuket Province
1872,Phuket Province & Thailand (Siam),Thailand (Siam)
1873,Piedmont & Sardinia,Piedmont
1874,Piedmont & Sardinia,Sardinia
1875,Piedmont & Tuscany,Piedmont
1876,Piedmont & Tuscany,Tuscany
1877,Port Sudan & Suakin,Port Sudan
1878,Port Sudan & Suakin,Suakin
1879,Portugal & Portuguese Colonies,Portugal
1880,Portugal & Portuguese Colonies,Portuguese Colonies
1881,Portugal & Spain,Portugal
1882,Portugal & Spain,Spain
1883,Portuguese Africa & Portuguese Asia,Portuguese Africa
1884,Portuguese Africa & Portuguese Asia,Portuguese Asia
1885,Portuguese Asia & Asia (other),Portuguese Asia
1886,Portuguese Asia & Asia (other),Asia (other)
1887,Prince Edward Is. & St. Thomas,Prince Edward Is.
1888,Prince Edward Is. & St. Thomas,St. Thomas
1889,Puerto Rico & Spanish West Indies (other),Puerto Rico
1890,Puerto Rico & Spanish West Indies (other),Spanish West Indies (other)
1891,Puerto Rico & St. Croix & St. Thomas,Puerto Rico
1892,Puerto Rico & St. Croix & St. Thomas,St. Croix
1893,Puerto Rico & St. Croix & St. Thomas,St. Thomas
1894,Puerto Rico & St. Thomas,Puerto Rico
1895,Puerto Rico & St. Thomas,St. Thomas
1896,Puerto Rico & Virgin Islands (Danish West Indies),Puerto Rico
1897,Puerto Rico & Virgin Islands (Danish West Indies),Virgin Islands (Danish West Indies)
1898,Republic of St. Mark & Trieste,Republic of St. Mark
1899,Republic of St. Mark & Trieste,Trieste
1900,Ruanda-Urundi & Tanzania (Tanganyika),Ruanda-Urundi
1901,Ruanda-Urundi & Tanzania (Tanganyika),Tanzania (Tanganyika)
1902,Russia (Baltic Sea) & Russia (North Sea),Russia (Baltic Sea)
1903,Russia (Baltic Sea) & Russia (North Sea),Russia (North Sea)
1904,Russia (Baltic Sea) & Russia (White Sea),Russia (Baltic Sea)
1905,Russia (Baltic Sea) & Russia (White Sea),Russia (White Sea)
1906,Russia (Baltic Sea) & Sitka (Arkhangelsk),Russia (Baltic Sea)
1907,Russia (Baltic Sea) & Sitka (Arkhangelsk),Sitka (Arkhangelsk)
1908,Russia (Black Sea) & Russia (Asov Sea),Russia (Black Sea)
1909,Russia (Black Sea) & Russia (Asov Sea),Russia (Asov Sea)
1910,Samoa & Tonga (Haʻapai),Samoa
1911,Samoa & Tonga (Haʻapai),Tonga (Haʻapai)
1912,Saudi Arabia (Emirate of Nejd) (Emirate of Diriyah) & Yemen Arab Republic (North Yemen) (Kingdom of Yemen),Saudi Arabia (Emirate of Nejd) (Emirate of Diriyah)
1913,Saudi Arabia (Emirate of Nejd) (Emirate of Diriyah) & Yemen Arab Republic (North Yemen) (Kingdom of Yemen),Yemen Arab Republic (North Yemen) (Kingdom of Yemen)
1914,Saxe Altenburg & Saxe Coburg and Gotha & Saxe Meiningen & Saxe Weimar Eisenach,Saxe Altenburg
1915,Saxe Altenburg & Saxe Coburg and Gotha & Saxe Meiningen & Saxe Weimar Eisenach,Saxe Coburg and Gotha
1916,Saxe Altenburg & Saxe Coburg and Gotha & Saxe Meiningen & Saxe Weimar Eisenach,Saxe Meiningen
1917,Saxe Altenburg & Saxe Coburg and Gotha & Saxe Meiningen & Saxe Weimar Eisenach,Saxe Weimar Eisenach
1918,Singapore & Straits Settlements,Singapore
1919,Singapore & Straits Settlements,Straits Settlements
1920,South Africa & Northeastern Rhodesia,South Africa
1921,South Africa & Northeastern Rhodesia,Northeastern Rhodesia
1922,South Africa & Zambia (Northern Rhodesia),South Africa
1923,South Africa & Zambia (Northern Rhodesia),Zambia (Northern Rhodesia)
1924,South Africa & Zimbabwe (Rhodesia) (Southern Rhodesia),South Africa
1925,South Africa & Zimbabwe (Rhodesia) (Southern Rhodesia),Zimbabwe (Rhodesia) (Southern Rhodesia)
1926,Southern America & United States of America,Southern America
1927,Southern America & United States of America,United States of America
1928,Southern America & West Indies,Southern America
1929,Southern America & West Indies,West Indies
1930,Spain & Italy & Europe (other),Spain
1931,Spain & Italy & Europe (other),Italy
1932,Spain & Italy & Europe (other),Europe (other)
1933,Spain & Spanish Colonies,Spain
1934,Spain & Spanish Colonies,Spanish Colonies
1935,Spain & Spanish Colonies (other),Spain
1936,Spain & Spanish Colonies (other),Spanish Colonies (other)
1937,Spain & Spanish West Indies,Spain
1938,Spain & Spanish West Indies,Spanish West Indies
1939,Spanish Africa & Africa (other),Spanish Africa
1940,Spanish Africa & Africa (other),Africa (other)
1941,Spanish America & West Indies (other),Spanish America
1942,Spanish America & West Indies (other),West Indies (other)
1943,Spanish Morocco & Tangier,Spanish Morocco
1944,Spanish Morocco & Tangier,Tangier
1945,Sri Lanka (Ceylon) & Thailand (Siam),Sri Lanka (Ceylon)
1946,Sri Lanka (Ceylon) & Thailand (Siam),Thailand (Siam)
1947,St. Croix & St. John & St. Thomas,St. Croix
1948,St. Croix & St. John & St. Thomas,St. John
1949,St. Croix & St. John & St. Thomas,St. Thomas
1950,St. Croix & St. Thomas,St. Croix
1951,St. Croix & St. Thomas,St. Thomas
1952,Sweden & Swedish Colonies,Sweden
1953,Sweden & Swedish Colonies,Swedish Colonies
1954,Syria & Turkey (Ottoman Empire),Syria
1955,Syria & Turkey (Ottoman Empire),Turkey (Ottoman Empire)
1956,Syria & Western Anatolia,Syria
1957,Syria & Western Anatolia,Western Anatolia
1958,Tortola & Virgin Gorda,Tortola
1959,Tortola & Virgin Gorda,Virgin Gorda
1960,Tripolitania (Regency of Tripoli) & Tunisia (Regency of Tunis),Tripolitania (Regency of Tripoli)
1961,Tripolitania (Regency of Tripoli) & Tunisia (Regency of Tunis),Tunisia (Regency of Tunis)
1962,Tunisia (Regency of Tunis) & World (other),Tunisia (Regency of Tunis)
1963,Tunisia (Regency of Tunis) & World (other),World (other)
1964,Turkey (Ottoman Empire) & Western Anatolia,Turkey (Ottoman Empire)
1965,Turkey (Ottoman Empire) & Western Anatolia,Western Anatolia
1966,West Indies & World (other),West Indies
1967,West Indies & World (other),World (other)
1968,West Irian (Dutch New Guinea) & Dutch Oceania (other),West Irian (Dutch New Guinea)
1969,West Irian (Dutch New Guinea) & Dutch Oceania (other),Dutch Oceania (other)
1970,Zambia (Northern Rhodesia) & Zimbabwe (Rhodesia) (Southern Rhodesia),Zambia (Northern Rhodesia)
1971,Zambia (Northern Rhodesia) & Zimbabwe (Rhodesia) (Southern Rhodesia),Zimbabwe (Rhodesia) (Southern Rhodesia)
1972,Zimbabwe (Rhodesia) (Southern Rhodesia) & World (other),Zimbabwe (Rhodesia) (Southern Rhodesia)
1973,Zimbabwe (Rhodesia) (Southern Rhodesia) & World (other),World (other)
1974,Australia (other) & Polynesia,Australia (other)
1975,Australia (other) & Polynesia,Polynesia
1976,Trinidad & United Kingdom,Trinidad
1977,Trinidad & United Kingdom,United Kingdom
1978,Denmark & St. Thomas,Denmark
1979,Denmark & St. Thomas,St. Thomas
1980,Germany (Zollverein) (other) & Hanse Towns,Germany (Zollverein) (other)
1981,Germany (Zollverein) (other) & Hanse Towns,Hanse Towns
1982,Aden & Egypt Arab Republic (Egypt) & Levant & Mocha & Turkey (Ottoman Empire),Aden
1983,Aden & Egypt Arab Republic (Egypt) & Levant & Mocha & Turkey (Ottoman Empire),Egypt Arab Republic (Egypt)
1984,Aden & Egypt Arab Republic (Egypt) & Levant & Mocha & Turkey (Ottoman Empire),Levant
1985,Aden & Egypt Arab Republic (Egypt) & Levant & Mocha & Turkey (Ottoman Empire),Mocha
1986,Aden & Egypt Arab Republic (Egypt) & Levant & Mocha & Turkey (Ottoman Empire),Turkey (Ottoman Empire)
1987,Mexico & Spanish Southern America,Mexico
1988,Mexico & Spanish Southern America,Spanish Southern America
1989,Hawaii (Sandwich Is.) & Pacific Islands,Hawaii (Sandwich Is.)
1990,Hawaii (Sandwich Is.) & Pacific Islands,Pacific Islands
1991,Alderney & Guernsey & Jersey & Sark,Alderney
1992,Alderney & Guernsey & Jersey & Sark,Guernsey
1993,Alderney & Guernsey & Jersey & Sark,Jersey
1994,Alderney & Guernsey & Jersey & Sark,Sark
1995,British Africa & Ethiopia (Abyssinia) & European Africa (other) & Tripolitania (Regency of Tripoli),British Africa
1996,British Africa & Ethiopia (Abyssinia) & European Africa (other) & Tripolitania (Regency of Tripoli),Ethiopia (Abyssinia)
1997,British Africa & Ethiopia (Abyssinia) & European Africa (other) & Tripolitania (Regency of Tripoli),European Africa (other)
1998,British Africa & Ethiopia (Abyssinia) & European Africa (other) & Tripolitania (Regency of Tripoli),Tripolitania (Regency of Tripoli)
1999,America (other) & El Salvador & Honduras & Nicaragua,America (other)
2000,America (other) & El Salvador & Honduras & Nicaragua,El Salvador
2001,America (other) & El Salvador & Honduras & Nicaragua,Honduras
2002,America (other) & El Salvador & Honduras & Nicaragua,Nicaragua
2003,Persian Gulf & Red Sea,Persian Gulf
2004,Persian Gulf & Red Sea,Red Sea
2005,Italian Somaliland (other) & Somaliland Republic (British Somaliland) (other),Italian Somaliland (other)
2006,Italian Somaliland (other) & Somaliland Republic (British Somaliland) (other),Somaliland Republic (British Somaliland) (other)
2007,Mombassa & Zanzibar,Mombassa
2008,Mombassa & Zanzibar,Zanzibar
2009,Madagascar (Malagasy Republic) & Mozambique (Portuguese East Africa),Madagascar (Malagasy Republic)
2010,Madagascar (Malagasy Republic) & Mozambique (Portuguese East Africa),Mozambique (Portuguese East Africa)
2011,Mahé & Reunion (Bourbon I.),Mahé
2012,Mahé & Reunion (Bourbon I.),Reunion (Bourbon I.)
2013,Farasan Islands & Red Sea (other),Farasan Islands
2014,Farasan Islands & Red Sea (other),Red Sea (other)
2015,Mahé & Mauritius & Reunion (Bourbon I.),Mahé
2016,Mahé & Mauritius & Reunion (Bourbon I.),Mauritius
2017,Mahé & Mauritius & Reunion (Bourbon I.),Reunion (Bourbon I.)
2018,Ho Chi Minh City (Saigon) & Tonkin,Ho Chi Minh City (Saigon)
2019,Ho Chi Minh City (Saigon) & Tonkin,Tonkin
2020,Berbera & Bulhar & Djibouti (Afar and Issas) (French Somaliland) & Obock & Zeila,Berbera
2021,Berbera & Bulhar & Djibouti (Afar and Issas) (French Somaliland) & Obock & Zeila,Bulhar
2022,Berbera & Bulhar & Djibouti (Afar and Issas) (French Somaliland) & Obock & Zeila,Djibouti (Afar and Issas) (French Somaliland)
2023,Berbera & Bulhar & Djibouti (Afar and Issas) (French Somaliland) & Obock & Zeila,Obock
2024,Berbera & Bulhar & Djibouti (Afar and Issas) (French Somaliland) & Obock & Zeila,Zeila
2025,Mombassa & Pemba Island & Zanzibar,Mombassa
2026,Mombassa & Pemba Island & Zanzibar,Pemba Island
2027,Mombassa & Pemba Island & Zanzibar,Zanzibar
2028,Egypt Arab Republic (Egypt) & Suakin,Egypt Arab Republic (Egypt)
2029,Egypt Arab Republic (Egypt) & Suakin,Suakin
2030,Mahé & Mauritius & Seychelles,Mahé
2031,Mahé & Mauritius & Seychelles,Mauritius
2032,Mahé & Mauritius & Seychelles,Seychelles
2033,Eastern Africa (other) & Italian East Africa,Eastern Africa (other)
2034,Eastern Africa (other) & Italian East Africa,Italian East Africa
2035,Mombassa & Mozambique (Portuguese East Africa) & Pemba Island,Mombassa
2036,Mombassa & Mozambique (Portuguese East Africa) & Pemba Island,Mozambique (Portuguese East Africa)
2037,Mombassa & Mozambique (Portuguese East Africa) & Pemba Island,Pemba Island
2038,Africa (other) & Italian Africa (other),Africa (other)
2039,Africa (other) & Italian Africa (other),Italian Africa (other)
2040,Algeria (Regency of Algiers) & Morocco & Tripolitania (Regency of Tripoli) & Tunisia (Regency of Tunis),Algeria (Regency of Algiers)
2041,Algeria (Regency of Algiers) & Morocco & Tripolitania (Regency of Tripoli) & Tunisia (Regency of Tunis),Morocco
2042,Algeria (Regency of Algiers) & Morocco & Tripolitania (Regency of Tripoli) & Tunisia (Regency of Tunis),Tripolitania (Regency of Tripoli)
2043,Algeria (Regency of Algiers) & Morocco & Tripolitania (Regency of Tripoli) & Tunisia (Regency of Tunis),Tunisia (Regency of Tunis)
2044,Asian Turkey & Black Sea & Levant & Persian Gulf,Asian Turkey
2045,Asian Turkey & Black Sea & Levant & Persian Gulf,Black Sea
2046,Asian Turkey & Black Sea & Levant & Persian Gulf,Levant
2047,Asian Turkey & Black Sea & Levant & Persian Gulf,Persian Gulf
2048,Kunfuda & As-Salif,Kunfuda
2049,Kunfuda & As-Salif,As-Salif
2050,Berbera & Bulhar & Heis & Karam & Zeila,Berbera
2051,Berbera & Bulhar & Heis & Karam & Zeila,Bulhar
2052,Berbera & Bulhar & Heis & Karam & Zeila,Heis
2053,Berbera & Bulhar & Heis & Karam & Zeila,Karam
2054,Berbera & Bulhar & Heis & Karam & Zeila,Zeila
2055,Asian Turkey & Persian Gulf,Asian Turkey
2056,Asian Turkey & Persian Gulf,Persian Gulf
2057,Egypt Arab Republic (Egypt) & Port Sudan & Suakin,Egypt Arab Republic (Egypt)
2058,Egypt Arab Republic (Egypt) & Port Sudan & Suakin,Port Sudan
2059,Egypt Arab Republic (Egypt) & Port Sudan & Suakin,Suakin
2060,Mahé & Mauritius,Mahé
2061,Mahé & Mauritius,Mauritius
2062,Kutch & Sindh,Kutch
2063,Kutch & Sindh,Sindh
2064,Belgium & Central Europe & Netherlands,Belgium
2065,Belgium & Central Europe & Netherlands,Central Europe
2066,Belgium & Central Europe & Netherlands,Netherlands
2067,Belgium & Germany (Zollverein) & Netherlands & Russia (USSR),Belgium
2068,Belgium & Germany (Zollverein) & Netherlands & Russia (USSR),Germany (Zollverein)
2069,Belgium & Germany (Zollverein) & Netherlands & Russia (USSR),Netherlands
2070,Belgium & Germany (Zollverein) & Netherlands & Russia (USSR),Russia (USSR)
2071,Europe & United States of America,Europe
2072,Europe & United States of America,United States of America
2073,Bengal & Coromandel Coast Posts & Malabar Coast,Bengal
2074,Bengal & Coromandel Coast Posts & Malabar Coast,Coromandel Coast Posts
2075,Bengal & Coromandel Coast Posts & Malabar Coast,Malabar Coast
2076,Guernsey & Jersey,Guernsey
2077,Guernsey & Jersey,Jersey
2078,Indian Ocean Islands (other) & Java,Indian Ocean Islands (other)
2079,Indian Ocean Islands (other) & Java,Java
2080,Cape Colony (Cape of Good Hope) & Madeira Isles & St. Helena,Cape Colony (Cape of Good Hope)
2081,Cape Colony (Cape of Good Hope) & Madeira Isles & St. Helena,Madeira Isles
2082,Cape Colony (Cape of Good Hope) & Madeira Isles & St. Helena,St. Helena
2083,Greece & Morea & Turkey (Ottoman Empire),Greece
2084,Greece & Morea & Turkey (Ottoman Empire),Morea
2085,Greece & Morea & Turkey (Ottoman Empire),Turkey (Ottoman Empire)
2086,New South Wales & Swan River & Tasmania,New South Wales
2087,New South Wales & Swan River & Tasmania,Swan River
2088,New South Wales & Swan River & Tasmania,Tasmania
2089,Alderney & Guernsey & Isle of Man & Jersey,Alderney
2090,Alderney & Guernsey & Isle of Man & Jersey,Guernsey
2091,Alderney & Guernsey & Isle of Man & Jersey,Isle of Man
2092,Alderney & Guernsey & Isle of Man & Jersey,Jersey
2093,Cape Colony (Cape of Good Hope) & St. Helena,Cape Colony (Cape of Good Hope)
2094,Cape Colony (Cape of Good Hope) & St. Helena,St. Helena
2095,Eastern Asia (other) & Penang,Eastern Asia (other)
2096,Eastern Asia (other) & Penang,Penang
2097,British Oceania (other) & Pitcairn Is.,British Oceania (other)
2098,British Oceania (other) & Pitcairn Is.,Pitcairn Is.
2099,Mongolia & People's Republic of China (China) & Tibet & Weihaiwei,Mongolia
2100,Mongolia & People's Republic of China (China) & Tibet & Weihaiwei,People's Republic of China (China)
2101,Mongolia & People's Republic of China (China) & Tibet & Weihaiwei,Tibet
2102,Mongolia & People's Republic of China (China) & Tibet & Weihaiwei,Weihaiwei
2103,Hainan & Macao & People's Republic of China (China),Hainan
2104,Hainan & Macao & People's Republic of China (China),Macao
2105,Hainan & Macao & People's Republic of China (China),People's Republic of China (China)
2106,British Colonies (other) & United Kingdom,British Colonies (other)
2107,British Colonies (other) & United Kingdom,United Kingdom
2108,Austria & Hungary,Austria
2109,Austria & Hungary,Hungary
2110,Belgian Colonies & Belgium,Belgian Colonies
2111,Belgian Colonies & Belgium,Belgium
2112,Australia & Canada (Province of Canada) & India & United Kingdom,Australia
2113,Australia & Canada (Province of Canada) & India & United Kingdom,Canada (Province of Canada)
2114,Australia & Canada (Province of Canada) & India & United Kingdom,India
2115,Australia & Canada (Province of Canada) & India & United Kingdom,United Kingdom
